User_ID,Loan_ID,City,Age,Job,Education,Marriage_Status,Account_Balance,Loan_Amount,Credit_Score,Debit_Transactions,Loan_Duration_Months,Application_Date,Current_Balance
U2169,L532233,Quetta,39.0,Clerk,Matric,Married,269967.77,29744.65,554.61,8955.54,45,2024-11-26,139275.96
U4536,L471613,Peshawar,41.0,Manager,Bachelor,Divorced,202981.52,26227.4,629.32,15126.12,59,2024-01-27,115353.44
U9628,L354161,Lahore,50.0,Doctor,Matric,Married,167653.16,40761.15,744.38,18308.41,9,2022-09-19,136059.95
U8765,L650075,Karachi,32.0,Teacher,PhD,Married,234911.17,-6808.44,677.83,5431.99,35,2022-08-23,50588.27
U9245,L501841,Rawalpindi,32.0,Clerk,Matric,Single,219674.27,56398.81,583.23,19147.97,17,2024-08-19,101679.14
U8345,L553205,Faisalabad,50.0,Unemployed,Intermediate,Single,244759.66,50036.16,674.3,-3930.74,40,2025-02-09,96859.39
U9220,L690872,Karachi,42.0,Doctor,Intermediate,Divorced,231758.59,25487.34,572.63,10590.81,18,2023-01-01,74176.78
U3943,L492114,Lahore,30.0,Engineer,Master,Married,252477.64,69777.37,704.13,11582.08,57,2025-05-14,103694.27
U5062,L632767,Faisalabad,40.0,Clerk,Intermediate,Divorced,173238.24,78127.1,626.44,19433.29,36,2024-03-15,75988.54
U7926,L465669,Peshawar,30.0,Driver,Matric,Single,209879.98,27118.26,716.29,5161.06,48,2023-07-20,74934.23
U6282,L610179,Multan,37.0,Engineer,Matric,Married,303763.04,26925.73,585.64,8105.05,28,2022-09-28,131679.16
U7442,L720080,Islamabad,15.0,Doctor,PhD,Married,165540.61,21802.91,580.14,16390.76,9,2022-12-21,33784.54
U2313,L353647,Lahore,17.0,Teacher,Matric,Married,286798.19,74884.25,620.82,14446.53,57,2025-02-05,93527.61
U8523,L111238,Rawalpindi,29.0,Manager,PhD,Single,209895.54,44185.22,701.92,10946.13,21,2025-02-10,100492.45
U6478,L710011,Rawalpindi,24.0,Teacher,Intermediate,Single,167429.1,42064.55,574.03,11634.16,12,2024-01-05,92228.36
U3803,L880460,Quetta,38.0,Salesman,Bachelor,Divorced,175805.71,-10115.87,508.39,19873.18,27,2022-09-02,84147.27
U7748,L564054,Islamabad,25.0,Teacher,Matric,Single,183982.63,69062.54,627.44,11376.15,34,2024-05-12,73299.4
U6270,L501928,Faisalabad,20.0,Clerk,Master,Divorced,221208.3,12822.25,677.59,14383.36,16,2025-07-02,130181.63
U5273,L888238,Rawalpindi,49.0,Salesman,Intermediate,Single,226141.77,51797.98,710.01,30189.56,38,2025-05-28,139978.31
U8792,L289329,Karachi,32.0,Teacher,Master,Divorced,171315.0,58321.31,626.84,5034.22,34,2024-05-28,96713.56
U7269,L683785,Faisalabad,35.0,Teacher,Intermediate,Single,198782.27,90819.76,629.43,2037.1,44,2023-03-26,56134.5
U8461,L420817,Peshawar,20.0,Salesman,Matric,Single,307113.52,10735.39,707.7,20485.13,17,2024-02-07,171757.97
U1525,L880915,Karachi,36.0,Doctor,Matric,Divorced,221816.18,55515.49,630.57,12772.34,44,2024-07-29,41623.11
U3685,L309108,Rawalpindi,23.0,Manager,Master,Divorced,201900.17,104015.34,659.52,9531.91,47,2024-09-07,19495.12
U3742,L351136,Rawalpindi,32.0,Driver,Bachelor,Single,148860.37,35250.91,651.72,20614.9,45,2025-02-13,141238.27
U9687,L691704,Rawalpindi,28.0,Manager,Bachelor,Married,187131.17,74213.68,525.58,21035.56,14,2023-03-07,124443.38
U4358,L114160,Rawalpindi,53.0,Unemployed,Bachelor,Divorced,116570.8,20793.61,617.09,5086.41,46,2024-10-25,111608.05
U4638,L799207,Peshawar,43.0,Unemployed,Master,Divorced,175840.68,81806.3,652.95,9334.33,18,2024-09-09,174695.6
U8254,L437708,Multan,22.0,Driver,Intermediate,Married,278699.34,132789.8,672.34,21696.92,41,2023-11-23,140359.17
U8893,L491377,Faisalabad,37.0,Manager,Matric,Married,138711.72,61772.48,632.87,18618.63,30,2024-11-28,81458.73
U6533,L555518,Rawalpindi,15.0,Manager,Bachelor,Divorced,126781.26,34731.09,658.52,13449.41,29,2023-09-27,131262.62
U8093,L901280,Multan,36.0,Unemployed,Bachelor,Divorced,252354.92,-3072.28,639.67,10177.8,22,2022-12-04,55797.31
U6439,L249173,Quetta,42.0,Driver,Intermediate,Divorced,284196.38,51769.33,680.51,16433.31,7,2024-10-03,64038.44
U6256,L904544,Quetta,36.0,Manager,Intermediate,Married,177055.79,37721.53,657.85,20361.15,18,2023-11-12,85672.86
U1939,L361113,Peshawar,33.0,Driver,Matric,Married,253934.04,34277.35,620.67,3688.79,36,2023-02-20,104158.39
U8857,L250221,Islamabad,31.0,Manager,Intermediate,Divorced,198074.58,54570.65,661.21,17097.53,34,2022-12-15,182423.25
U4685,L924536,Faisalabad,20.0,Driver,Master,Single,191368.64,25327.4,685.73,21527.04,55,2024-05-16,64732.42
U2623,L164731,Rawalpindi,27.0,Unemployed,PhD,Divorced,244183.0,83630.92,547.5,12094.3,33,2024-11-04,152939.54
U9940,L171564,Multan,30.0,Salesman,PhD,Single,232616.14,50006.21,707.95,19904.9,32,2022-10-11,87309.62
U4382,L240704,Peshawar,38.0,Unemployed,Bachelor,Divorced,273827.02,40163.16,671.27,14269.6,36,2024-01-25,79770.96
U7542,L489335,Peshawar,17.0,Salesman,Matric,Married,269004.57,54655.72,709.86,17753.15,45,2023-08-12,147067.88
U9300,L355285,Faisalabad,38.0,Salesman,Matric,Married,168721.86,74752.95,581.42,9833.6,20,2023-07-17,113786.78
U1996,L245403,Multan,31.0,Engineer,Matric,Married,219790.18,23986.09,614.53,16268.76,38,2022-07-29,116178.05
U9985,L842726,Lahore,28.0,Teacher,Intermediate,Divorced,224701.51,30256.51,635.57,18221.9,25,2025-04-01,153140.16
U2043,L658990,Karachi,45.0,Unemployed,Intermediate,Single,172484.74,9623.87,736.75,7862.13,17,2024-07-06,57929.98
U8259,L831698,Islamabad,44.0,Clerk,PhD,Married,166418.83,25422.26,607.16,16444.53,42,2023-12-27,9450.86
U6054,L903205,Peshawar,26.0,Doctor,Intermediate,Married,198722.3,35713.37,622.22,25235.37,14,2024-08-19,135083.28
U1536,L398587,Multan,31.0,Engineer,Matric,Single,258636.45,76231.68,660.22,18140.45,28,2022-11-26,122499.37
U1558,L370603,Lahore,38.0,Engineer,PhD,Divorced,227180.01,57876.84,589.89,21733.91,13,2023-05-01,128958.66
U6391,L217237,Karachi,44.0,Driver,Master,Divorced,181469.28,55807.7,630.22,13340.92,37,2024-03-19,52679.55
U1646,L576125,Faisalabad,23.0,Engineer,Bachelor,Married,257438.29,61713.95,645.33,8343.62,32,2022-12-27,63097.11
U9338,L771753,Rawalpindi,43.0,Clerk,Matric,Married,181877.95,57960.87,574.28,8058.12,18,2024-07-10,140005.07
U2450,L839885,Quetta,48.0,Driver,Intermediate,Divorced,144016.51,32517.24,666.08,10569.84,26,2022-10-18,81671.17
U2590,L800810,Karachi,34.0,Unemployed,Bachelor,Married,135265.93,-23164.51,737.75,16325.3,50,2023-07-07,111970.08
U8836,L549547,Lahore,45.0,Engineer,Matric,Married,258041.34,45971.63,650.92,17080.71,36,2023-11-03,72865.51
U6224,L114310,Karachi,38.0,Engineer,Intermediate,Single,176614.94,92682.44,661.26,6675.37,42,2023-10-20,114571.19
U8091,L490571,Islamabad,28.0,Clerk,Matric,Divorced,217325.19,77786.46,684.64,22377.9,53,2025-01-10,54476.17
U1684,L480025,Lahore,38.0,Manager,Master,Single,197653.97,78961.92,586.53,19004.04,48,2024-07-04,130010.06
U6815,L942832,Multan,50.0,Engineer,Bachelor,Married,223852.04,87083.92,735.13,10066.9,59,2024-07-22,66011.87
U7257,L196593,Peshawar,34.0,Clerk,Matric,Single,203841.09,52659.73,660.12,4236.91,10,2024-10-18,132236.6
U1283,L439679,Peshawar,50.0,Doctor,Intermediate,Single,135850.39,55919.47,731.59,13985.67,18,2023-06-28,82903.08
U8692,L631560,Multan,43.0,Teacher,PhD,Married,175312.17,40517.81,740.9,15791.98,48,2022-12-07,164519.87
U9739,L190329,Multan,35.0,Clerk,Matric,Married,122170.91,68473.13,688.76,12458.18,30,2022-10-30,107077.85
U5617,L930419,Lahore,32.0,Clerk,PhD,Divorced,178594.24,86116.53,677.65,947.8,56,2022-11-27,87112.75
U7448,L953541,Islamabad,35.0,Salesman,Master,Divorced,275037.99,51769.33,661.7,12281.57,40,2023-10-02,130327.13
U2120,L828146,Lahore,15.0,Engineer,Matric,Married,242511.09,36494.32,637.57,12860.67,52,2024-04-23,46400.36
U7849,L375420,Rawalpindi,32.0,Driver,Intermediate,Divorced,182567.39,50015.84,710.03,19435.63,44,2024-01-11,144274.54
U7313,L837017,Karachi,38.0,Driver,Master,Divorced,182537.11,68036.2,657.02,10112.6,12,2023-11-28,94422.21
U3957,L466637,Faisalabad,49.0,Engineer,PhD,Married,183918.25,6684.36,551.65,26750.72,43,2024-04-22,124031.51
U4749,L452182,Multan,29.0,Salesman,Bachelor,Single,303837.4,-18885.43,594.14,1618.52,37,2024-03-01,38085.06
U7446,L245462,Rawalpindi,26.0,Manager,Bachelor,Single,219096.77,51769.33,640.71,24178.17,8,2023-01-01,84702.96
U8853,L683419,Islamabad,29.0,Clerk,Matric,Married,221502.08,13378.63,665.5,13429.77,50,2023-11-15,100183.21
U8494,L283955,Karachi,44.0,Engineer,Intermediate,Single,251514.17,34755.79,647.17,21017.09,44,2023-08-29,141211.97
U7454,L234451,Karachi,38.0,Doctor,Master,Divorced,211939.46,45566.59,710.95,15558.61,42,2024-09-24,127216.44
U3343,L666644,Karachi,40.0,Driver,Bachelor,Married,190182.51,93574.03,657.18,12288.47,27,2024-09-11,112717.91
U1236,L236510,Quetta,44.0,Engineer,Master,Married,198138.89,59014.23,687.99,24943.53,22,2023-02-10,92000.46
U1247,L255715,Quetta,27.0,Manager,Intermediate,Divorced,236381.48,68666.21,645.28,14205.64,57,2023-03-04,87645.4
U9079,L908451,Lahore,31.0,Salesman,Bachelor,Married,236632.0,81173.35,606.81,23643.26,38,2024-06-06,88837.11
U6673,L969027,Faisalabad,20.0,Teacher,Master,Married,195964.17,47727.07,713.97,7776.31,51,2023-02-04,30414.92
U7361,L113204,Islamabad,35.0,Teacher,Intermediate,Divorced,203931.76,70114.42,702.09,19168.44,22,2023-08-05,95426.61
U6083,L707172,Quetta,37.0,Engineer,Intermediate,Single,100089.97,17844.28,679.18,10870.74,47,2022-11-27,139525.41
U5538,L736517,Peshawar,35.0,Clerk,Matric,Single,245816.38,3387.24,643.52,14074.81,17,2024-05-06,15214.42
U9821,L102643,Quetta,32.0,Unemployed,Master,Married,217324.42,74536.69,678.99,15505.95,53,2023-05-16,149368.35
U6855,L579090,Islamabad,20.0,Engineer,Matric,Single,249900.51,61292.29,614.66,4498.45,51,2025-03-22,86791.07
U1162,L803178,Faisalabad,31.0,Manager,Intermediate,Single,304418.74,23910.11,732.47,24457.51,53,2023-09-14,79903.21
U8252,L729054,Multan,26.0,Unemployed,Intermediate,Divorced,193020.52,83763.04,703.53,21203.34,13,2022-08-09,31470.52
U1171,L158278,Lahore,33.0,Doctor,Bachelor,Single,255409.14,14317.64,613.52,14561.52,28,2023-10-26,68680.43
U3627,L196426,Peshawar,39.0,Manager,Master,Divorced,148004.7,99280.19,668.07,16701.86,47,2022-08-04,183896.4
U4136,L552688,Karachi,53.0,Doctor,Matric,Married,230638.7,22981.38,585.34,12940.3,54,2022-09-26,56158.18
U9527,L658214,Quetta,36.0,Doctor,Matric,Married,147329.22,69151.76,678.62,24496.08,34,2024-11-08,36458.31
U1995,L874391,Multan,37.0,Clerk,Bachelor,Married,168811.55,40141.45,672.53,13597.53,55,2025-06-30,105651.64
U7027,L160629,Faisalabad,15.0,Unemployed,Bachelor,Single,190465.88,33676.58,591.91,23022.21,21,2024-05-02,87066.81
U9356,L684673,Islamabad,34.0,Teacher,Intermediate,Divorced,210871.64,45116.21,635.84,9558.4,22,2025-06-10,100577.92
U8850,L178013,Faisalabad,35.0,Manager,Intermediate,Single,243503.39,51227.58,634.96,25911.52,21,2025-06-08,125768.1
U3252,L242553,Faisalabad,59.0,Unemployed,Master,Single,224784.09,19934.38,589.53,4286.77,24,2023-05-23,76513.46
U4423,L433785,Islamabad,38.0,Clerk,Matric,Single,218248.05,34603.59,662.57,12391.27,43,2023-11-02,140954.99
U2726,L645346,Quetta,34.0,Driver,Master,Single,320170.78,43142.0,640.29,13301.11,43,2022-08-30,60188.45
U1924,L186637,Faisalabad,23.0,Doctor,Master,Single,197119.06,20169.52,612.21,1769.93,58,2025-01-05,7112.75
U1788,L240742,Faisalabad,42.0,Driver,Bachelor,Divorced,252532.72,44269.17,732.77,7721.35,46,2025-01-19,200118.5
U1730,L545170,Karachi,42.0,Clerk,Bachelor,Married,255276.3,122378.46,625.82,10746.48,41,2024-11-12,99705.81
U5283,L440170,Faisalabad,25.0,Salesman,Intermediate,Divorced,259351.52,73538.13,619.39,14038.82,31,2025-07-03,108077.29
U9736,L557023,Lahore,40.0,Manager,Master,Single,281671.58,50673.98,643.03,17153.74,17,2025-06-21,96889.72
U7458,L969930,Karachi,25.0,Salesman,Master,Divorced,215131.77,14575.62,554.53,8834.72,20,2022-10-12,136434.55
U2691,L877504,Faisalabad,29.0,Unemployed,Matric,Divorced,162286.21,83429.65,715.92,27591.08,14,2023-08-30,80629.08
U1144,L595905,Faisalabad,35.0,Driver,Matric,Single,196793.08,71461.44,653.63,9853.59,44,2024-10-02,48612.25
U3389,L521530,Quetta,29.0,Unemployed,Bachelor,Married,216438.12,71545.57,629.43,26593.46,47,2023-04-06,135292.02
U9011,L958351,Islamabad,19.0,Engineer,PhD,Married,216067.86,63154.27,645.54,13298.57,53,2022-08-02,76338.11
U5751,L345973,Islamabad,24.0,Doctor,Master,Divorced,280685.56,70185.84,563.44,22492.56,37,2023-01-03,184001.93
U5271,L619112,Islamabad,39.0,Doctor,Master,Married,222676.72,67754.42,724.75,23903.25,30,2023-08-11,92856.13
U9561,L957153,Rawalpindi,25.0,Clerk,Matric,Divorced,187792.17,39378.78,652.07,14224.31,44,2025-06-07,119769.04
U6362,L134291,Multan,50.0,Manager,Matric,Single,248204.36,32791.95,672.15,12282.3,23,2022-10-04,101181.13
U1699,L297978,Multan,27.0,Driver,Intermediate,Married,259473.52,53055.69,697.58,14608.56,20,2025-06-06,64547.22
U4595,L180564,Lahore,35.0,Teacher,Matric,Divorced,138619.61,96470.6,598.94,17365.7,37,2023-12-14,127577.34
U7797,L220415,Karachi,43.0,Teacher,Matric,Single,229870.0,12826.79,673.67,21239.13,11,2024-04-12,112583.16
U7965,L538824,Karachi,22.0,Doctor,Master,Married,235058.64,5974.24,636.62,15029.61,49,2024-09-24,73624.81
U9658,L700705,Faisalabad,48.0,Salesman,Intermediate,Divorced,268785.34,51526.63,543.64,26468.52,57,2025-01-21,79427.6
U5175,L753063,Faisalabad,18.0,Manager,Master,Single,192497.22,55200.25,645.05,17669.17,40,2022-07-08,55820.19
U6409,L989564,Multan,36.0,Salesman,Matric,Single,206278.82,57318.6,619.86,17181.57,39,2025-04-26,51773.31
U5663,L996489,Lahore,37.0,Manager,PhD,Single,191346.41,43303.93,671.61,4367.62,43,2025-03-01,110802.34
U5020,L638444,Lahore,22.0,Unemployed,Master,Divorced,145186.25,1972.88,614.62,17718.63,10,2022-11-30,160068.16
U4974,L868579,Islamabad,21.0,Doctor,PhD,Married,127997.46,25145.09,614.39,14336.23,23,2022-07-16,98281.68
U1215,L323690,Faisalabad,40.0,Driver,Bachelor,Married,279725.25,46902.36,644.47,11396.52,21,2023-03-22,68591.87
U3248,L690074,Islamabad,37.0,Unemployed,Bachelor,Married,157651.93,704.34,605.17,16704.71,13,2024-12-14,106312.71
U1325,L952512,Faisalabad,37.0,Driver,Matric,Divorced,150430.38,44724.37,692.1,14577.17,30,2022-08-10,48229.31
U6806,L411317,Islamabad,38.0,Clerk,Matric,Divorced,92330.49,99844.1,631.54,22894.46,37,2024-04-07,96634.75
U8909,L121131,Quetta,28.0,Engineer,Intermediate,Married,168051.91,50626.59,504.65,15602.78,31,2025-01-14,112766.67
U5566,L409125,Islamabad,37.0,Doctor,Master,Divorced,133845.51,56921.03,631.26,9771.54,57,2025-06-10,107826.89
U8700,L838472,Rawalpindi,37.0,Engineer,Matric,Divorced,282100.76,12195.06,598.07,21931.16,27,2025-02-08,152112.0
U6149,L423730,Rawalpindi,27.0,Unemployed,Master,Married,250490.85,31509.16,568.44,13480.08,36,2025-06-25,203900.69
U2769,L895711,Quetta,53.0,Clerk,Bachelor,Single,165592.48,38744.11,588.13,18685.76,48,2022-08-26,126855.89
U5461,L237872,Rawalpindi,39.0,Clerk,Bachelor,Married,312621.79,40468.55,655.47,11658.13,15,2024-07-06,147151.85
U4221,L129504,Karachi,41.0,Engineer,Intermediate,Divorced,183758.43,66730.73,665.66,15589.18,58,2023-09-17,59750.97
U7917,L722102,Lahore,25.0,Teacher,Bachelor,Single,75029.71,16656.26,619.67,15089.8,33,2025-05-12,105225.1
U7149,L248237,Faisalabad,42.0,Manager,PhD,Divorced,314547.13,57395.14,672.8,18358.79,11,2024-12-25,80880.14
U5830,L706768,Lahore,35.0,Unemployed,Intermediate,Married,130521.38,64946.65,627.05,13119.48,25,2025-04-09,133706.31
U4013,L204505,Lahore,26.0,Engineer,Intermediate,Divorced,117730.06,84204.47,615.27,2145.48,10,2024-01-27,110864.76
U7472,L282770,Quetta,44.0,Clerk,Intermediate,Married,251128.52,97416.22,592.28,11970.58,28,2023-04-02,67262.71
U4374,L529169,Karachi,39.0,Teacher,Matric,Divorced,321987.62,19547.17,562.41,20556.73,14,2023-07-23,100437.91
U3725,L272760,Karachi,43.0,Engineer,Matric,Married,269213.64,25674.27,630.5,12918.37,34,2025-02-11,141876.91
U2702,L458435,Peshawar,53.0,Engineer,Master,Married,228195.46,12272.66,657.9,13275.32,21,2025-03-30,47851.01
U4443,L632782,Multan,35.0,Engineer,Matric,Married,229737.72,42979.4,645.17,21904.64,59,2023-04-02,68106.22
U3502,L489977,Faisalabad,27.0,Driver,Intermediate,Single,242670.78,63990.75,629.2,10016.19,51,2024-08-30,62109.0
U6797,L193320,Islamabad,26.0,Driver,Master,Single,237946.43,79620.04,602.71,4200.38,27,2024-02-01,113055.86
U3660,L368055,Rawalpindi,26.0,Manager,Matric,Divorced,214059.57,47721.47,680.41,13875.58,13,2022-08-05,149620.64
U4975,L379438,Peshawar,35.0,Doctor,Matric,Married,205210.06,40404.57,584.14,11610.78,25,2023-10-17,19610.62
U1124,L360399,Peshawar,37.0,Doctor,Matric,Divorced,162301.77,24945.71,599.89,13772.35,19,2023-05-22,63031.17
U2275,L190106,Quetta,43.0,Salesman,PhD,Divorced,185966.25,112686.16,612.38,18440.54,44,2025-05-15,140216.11
U6758,L619201,Islamabad,35.0,Unemployed,Intermediate,Married,115352.16,1770.17,576.66,14934.98,42,2025-03-24,90521.27
U2599,L607808,Lahore,49.0,Engineer,Intermediate,Single,195083.02,55542.22,624.93,17148.87,55,2022-10-25,105226.96
U6880,L932246,Peshawar,32.0,Clerk,Matric,Single,150570.44,110708.19,698.77,27693.85,39,2024-04-08,99946.52
U7350,L202405,Quetta,62.0,Salesman,Bachelor,Married,144820.53,50204.0,675.78,12599.85,16,2024-12-13,144968.75
U4352,L743141,Islamabad,41.0,Doctor,Matric,Single,208994.71,44298.83,698.92,16948.44,59,2024-02-13,181945.26
U5402,L403383,Quetta,26.0,Engineer,Matric,Divorced,269600.11,39276.64,676.11,11435.51,45,2023-01-09,54613.39
U8367,L288349,Faisalabad,35.0,Teacher,Intermediate,Married,245915.83,51769.33,594.82,9075.48,38,2024-09-01,61897.76
U8054,L269363,Karachi,39.0,Driver,Bachelor,Divorced,121474.97,91185.45,633.46,10905.65,36,2025-01-25,112859.92
U1340,L814260,Lahore,32.0,Teacher,Matric,Single,150518.59,-16355.86,610.99,11648.69,59,2025-04-19,67343.91
U5208,L746391,Lahore,42.0,Engineer,Intermediate,Divorced,247038.56,96003.01,716.53,17516.33,49,2023-11-14,137343.35
U7005,L600673,Lahore,26.0,Teacher,PhD,Married,227502.6,37122.67,694.65,12083.62,12,2025-07-07,69458.51
U6603,L133083,Rawalpindi,19.0,Salesman,Bachelor,Divorced,151582.78,67656.6,741.48,14558.14,54,2023-09-17,89008.84
U6481,L725772,Islamabad,30.0,Teacher,PhD,Divorced,205268.78,2056.27,629.52,17770.59,59,2025-02-14,104160.73
U6934,L469324,Quetta,43.0,Driver,Matric,Single,133298.73,63865.18,685.62,16844.86,28,2023-04-01,112593.49
U9746,L671125,Faisalabad,37.0,Manager,PhD,Divorced,169931.62,110729.29,764.08,23988.67,51,2022-12-13,9887.32
U7387,L740168,Faisalabad,22.0,Unemployed,Bachelor,Single,215989.1,9104.78,619.12,-1984.74,12,2023-02-14,61301.78
U6841,L350555,Rawalpindi,36.0,Manager,Bachelor,Divorced,120350.31,55691.19,573.25,-1708.51,59,2025-06-14,83836.03
U3848,L530569,Peshawar,38.0,Clerk,PhD,Single,222023.74,30140.53,556.0,11528.85,30,2024-05-22,68120.43
U4532,L710561,Quetta,26.0,Doctor,Intermediate,Single,199018.11,62776.62,685.64,22681.1,8,2025-02-26,-14588.4
U8312,L958511,Rawalpindi,36.0,Teacher,Bachelor,Single,227624.5,50574.43,555.84,4040.46,43,2024-10-03,24465.1
U2057,L318248,Faisalabad,38.0,Manager,Bachelor,Married,206261.23,104130.44,659.26,16705.6,54,2023-08-01,82551.91
U9658,L151536,Faisalabad,40.0,Engineer,Bachelor,Single,178529.72,44272.89,671.27,7368.54,49,2022-09-13,74737.24
U3099,L203571,Faisalabad,45.0,Clerk,PhD,Divorced,206114.88,71592.74,661.11,8101.22,49,2023-12-30,131860.6
U4659,L649459,Rawalpindi,21.0,Teacher,Intermediate,Married,202443.0,21306.91,602.38,15773.75,22,2024-03-09,105996.75
U2829,L368613,Lahore,25.0,Teacher,Bachelor,Married,202029.58,64172.19,616.15,10615.79,15,2025-02-19,104804.81
U1984,L782480,Karachi,40.0,Salesman,Master,Single,164900.42,94523.48,611.37,18458.45,40,2023-01-11,65733.58
U4275,L786424,Peshawar,40.0,Engineer,Bachelor,Single,166854.95,60668.4,691.51,-4982.39,25,2022-11-21,70520.31
U5012,L652886,Multan,40.0,Clerk,Master,Married,137806.84,12487.77,709.17,13205.62,49,2023-08-17,131429.65
U7694,L262017,Rawalpindi,46.0,Driver,Master,Divorced,165354.74,68135.46,591.1,11233.67,32,2024-11-03,154173.2
U6370,L739270,Rawalpindi,44.0,Teacher,Master,Married,164079.64,76469.99,733.36,20584.91,54,2025-05-25,90208.81
U7634,L160345,Karachi,41.0,Driver,Matric,Single,244746.22,36437.29,726.16,1984.64,41,2023-05-03,119666.75
U1352,L581112,Karachi,42.0,Manager,Matric,Single,262387.1,57976.35,739.09,18908.35,37,2025-01-14,82682.87
U1211,L932566,Karachi,27.0,Manager,Intermediate,Single,166325.47,36898.41,567.17,27996.53,15,2024-04-08,81745.5
U8744,L125697,Karachi,32.0,Clerk,Bachelor,Married,213949.71,48016.02,623.78,11627.64,16,2025-06-15,159646.73
U4601,L647958,Lahore,30.0,Engineer,Master,Married,158232.65,112991.65,613.23,17271.21,43,2023-08-16,115717.34
U9429,L575315,Multan,35.0,Salesman,Bachelor,Married,307257.46,42589.23,686.07,2372.96,11,2023-01-16,119770.22
U6202,L684242,Karachi,58.0,Engineer,Bachelor,Single,140620.08,39249.8,597.49,-1743.69,46,2022-11-02,117693.13
U5570,L556564,Islamabad,16.0,Doctor,Bachelor,Single,215491.04,30573.75,687.87,20913.42,52,2023-04-07,101817.71
U9014,L909229,Karachi,41.0,Unemployed,Master,Single,231688.84,72325.76,718.53,14961.08,39,2023-04-13,161294.61
U1038,L246880,Peshawar,18.0,Driver,Matric,Divorced,220689.95,44563.27,684.76,23249.59,41,2023-12-25,7788.82
U8712,L359402,Rawalpindi,30.0,Unemployed,Matric,Single,190735.62,30518.81,664.19,5386.18,42,2022-08-05,105848.42
U1953,L217755,Faisalabad,45.0,Manager,Matric,Single,193508.97,89639.12,600.61,18639.31,22,2023-12-22,145192.11
U4248,L750991,Quetta,35.0,Clerk,Intermediate,Single,202190.57,92588.09,607.66,28081.72,45,2024-12-16,24344.26
U2263,L322968,Islamabad,24.0,Clerk,Matric,Divorced,192649.9,31987.29,712.48,17937.94,45,2023-06-03,133516.71
U7380,L748130,Quetta,41.0,Teacher,PhD,Married,310526.15,80225.41,648.05,15059.89,17,2023-05-08,104392.64
U7110,L266762,Peshawar,27.0,Unemployed,Bachelor,Married,172125.41,29461.11,629.1,4003.83,26,2023-07-09,68785.62
U9274,L862665,Karachi,37.0,Doctor,Master,Single,131509.85,73718.77,548.71,24489.01,45,2022-11-26,138366.07
U2233,L322579,Karachi,28.0,Manager,PhD,Single,328985.47,76777.92,745.57,18531.38,8,2022-08-17,133831.87
U9583,L876837,Karachi,56.0,Engineer,Matric,Single,159816.27,13664.84,585.98,4058.76,23,2023-11-27,117413.19
U8063,L974904,Lahore,28.0,Doctor,Matric,Single,228449.15,37788.91,659.24,25172.93,52,2023-06-07,102565.12
U2320,L310697,Quetta,43.0,Engineer,Master,Divorced,281419.83,70589.55,696.9,14452.39,11,2024-01-29,87736.23
U1286,L401680,Multan,27.0,Clerk,Bachelor,Single,181043.61,53176.83,650.62,2106.72,21,2022-07-29,135996.47
U8000,L576396,Karachi,40.0,Salesman,Master,Single,170915.95,109293.22,566.57,10870.75,53,2022-07-17,98771.14
U8770,L176051,Islamabad,43.0,Salesman,Bachelor,Single,149262.16,3072.75,702.94,19890.82,23,2024-06-11,72571.53
U3946,L100707,Quetta,22.0,Salesman,Bachelor,Divorced,167536.12,98516.38,641.36,15176.48,57,2024-03-07,49240.34
U3640,L445467,Lahore,31.0,Manager,Intermediate,Married,138802.99,53130.68,688.6,4198.17,53,2023-01-02,105426.26
U1659,L925548,Lahore,30.0,Salesman,Intermediate,Divorced,201704.17,23036.48,672.07,16150.06,48,2022-08-09,74708.36
U5026,L489853,Quetta,28.0,Doctor,PhD,Single,161501.34,10090.59,613.34,30373.56,44,2023-07-02,24880.15
U9099,L699912,Rawalpindi,52.0,Engineer,Bachelor,Married,211689.3,44326.39,661.45,18450.91,54,2025-02-07,46798.86
U6030,L518243,Rawalpindi,39.0,Salesman,Bachelor,Married,122205.22,77649.5,557.1,14597.38,54,2022-07-21,165035.01
U4885,L982674,Multan,22.0,Driver,Intermediate,Single,216544.01,46173.53,680.16,22527.4,17,2022-08-28,73600.94
U9882,L872176,Islamabad,44.0,Teacher,Intermediate,Married,241676.45,95334.65,664.91,16474.68,50,2023-10-17,143286.51
U3127,L566748,Karachi,56.0,Unemployed,Bachelor,Married,100313.22,6464.73,681.93,16466.74,15,2024-07-20,85734.01
U1268,L108459,Multan,45.0,Driver,Intermediate,Single,218702.83,49637.33,702.91,7358.62,12,2023-06-21,149583.11
U1247,L676717,Quetta,19.0,Engineer,Master,Married,261383.45,12428.2,668.38,16636.94,51,2024-04-18,146686.56
U9688,L659229,Peshawar,30.0,Manager,Intermediate,Single,139517.95,60908.96,657.4,22248.1,6,2024-06-10,66972.18
U6722,L229477,Islamabad,47.0,Driver,Master,Single,283628.62,76606.62,605.95,9147.56,54,2025-04-23,20480.97
U6225,L526319,Karachi,27.0,Clerk,Bachelor,Divorced,220950.95,37377.15,614.39,24971.47,41,2024-07-17,23867.18
U3727,L215958,Rawalpindi,39.0,Clerk,Master,Single,164749.41,-28126.42,709.34,14358.06,26,2025-06-14,67653.54
U1386,L423142,Multan,42.0,Salesman,Matric,Single,197211.55,55968.44,721.82,8785.61,42,2024-01-09,175585.38
U8672,L360386,Faisalabad,25.0,Driver,Intermediate,Single,227916.35,63102.16,638.09,21983.42,57,2022-08-09,83577.52
U1140,L531266,Karachi,34.0,Engineer,Bachelor,Divorced,203800.27,62128.84,652.3,12992.44,29,2023-06-08,105809.76
U3391,L504338,Karachi,24.0,Teacher,PhD,Single,153966.32,17868.39,708.64,12957.69,12,2023-10-10,104412.85
U6747,L869834,Islamabad,32.0,Manager,Master,Single,208468.04,70406.48,683.27,14581.22,47,2023-07-25,103035.64
U4913,L241287,Lahore,22.0,Teacher,Bachelor,Divorced,129314.28,85775.23,747.06,18454.92,22,2024-04-16,124906.53
U7678,L861314,Karachi,51.0,Salesman,Bachelor,Married,194438.7,-3357.63,606.08,17036.28,34,2022-10-12,111558.79
U9127,L828351,Karachi,20.0,Driver,Matric,Divorced,154804.62,59589.55,631.1,1031.28,35,2024-10-25,96021.32
U3081,L740161,Islamabad,30.0,Clerk,PhD,Divorced,163223.5,34874.61,661.57,7151.29,12,2023-05-30,71142.03
U2931,L969444,Islamabad,36.0,Clerk,Matric,Married,261804.66,47554.32,682.32,21505.87,38,2022-09-11,103139.56
U4207,L587514,Islamabad,20.0,Salesman,Matric,Single,230456.91,35383.14,606.35,11333.88,29,2024-02-07,171280.18
U9915,L912622,Multan,46.0,Salesman,PhD,Married,145384.36,29728.76,694.07,5489.98,16,2024-09-08,111691.07
U1265,L247271,Rawalpindi,35.0,Salesman,PhD,Single,184179.58,51024.57,686.06,7441.85,14,2022-11-29,130206.45
U2924,L532937,Lahore,39.0,Driver,Matric,Married,207085.85,17425.25,717.77,14291.03,40,2024-07-12,96506.83
U6633,L118215,Lahore,36.0,Unemployed,Master,Married,315966.48,70381.2,708.51,10810.94,9,2022-11-05,120570.28
U3987,L774775,Peshawar,28.0,Driver,Matric,Married,219665.89,15536.18,656.71,8233.88,41,2025-03-25,147573.31
U8239,L455894,Quetta,35.0,Manager,Bachelor,Married,209602.46,69989.38,653.98,14523.14,33,2023-09-26,64545.53
U6657,L471907,Lahore,36.0,Manager,Bachelor,Married,206677.05,-1774.2,606.91,29652.39,28,2025-01-26,78679.67
U5838,L539272,Faisalabad,41.0,Driver,Matric,Single,192376.51,29673.06,651.5,4416.82,24,2022-11-20,108466.48
U8638,L801893,Islamabad,50.0,Teacher,Matric,Married,235405.43,85823.28,542.38,23115.67,47,2025-03-05,134794.86
U5804,L293315,Islamabad,22.0,Unemployed,Intermediate,Married,247835.12,20565.03,693.82,21811.71,42,2025-04-01,60419.69
U8542,L403742,Multan,35.0,Engineer,Intermediate,Divorced,133438.35,63861.83,725.17,16422.65,29,2023-02-21,79622.05
U3883,L338248,Peshawar,33.0,Unemployed,Intermediate,Married,108189.73,73501.72,633.49,11796.57,21,2023-07-27,92243.43
U3344,L592522,Quetta,40.0,Driver,PhD,Divorced,225399.57,42453.83,639.42,16299.82,38,2024-07-22,53509.06
U9540,L353841,Quetta,37.0,Teacher,Intermediate,Single,144831.67,32074.69,618.61,25563.92,17,2024-11-26,69756.36
U9838,L527529,Lahore,28.0,Engineer,Master,Married,92355.47,92671.1,635.6,19239.24,39,2025-04-25,134691.34
U4115,L256775,Quetta,32.0,Doctor,PhD,Single,219428.93,102166.99,720.93,18560.26,12,2022-08-31,103124.8
U3599,L759687,Rawalpindi,30.0,Clerk,PhD,Single,324649.98,79365.74,525.61,11987.83,16,2025-05-11,113824.88
U7260,L907766,Rawalpindi,29.0,Unemployed,Matric,Single,199696.45,52559.54,713.85,4611.6,36,2023-06-29,85772.71
U4025,L301690,Faisalabad,43.0,Salesman,Bachelor,Married,241924.54,25752.03,666.9,13540.72,34,2025-01-18,69835.58
U2249,L902145,Karachi,38.0,Teacher,Master,Married,204091.47,25086.67,589.65,23446.26,18,2025-04-11,85484.07
U5881,L336564,Karachi,28.0,Manager,Matric,Married,195055.52,65675.42,596.23,4309.83,36,2023-08-28,119955.21
U4718,L924469,Lahore,43.0,Doctor,Master,Single,245953.82,62551.95,733.82,7614.37,7,2022-12-16,40347.19
U3203,L138899,Peshawar,38.0,Salesman,Intermediate,Divorced,185486.27,92047.96,602.72,15883.87,44,2025-03-11,166006.81
U5264,L558951,Quetta,43.0,Teacher,Master,Single,213369.62,69513.5,592.33,8107.42,20,2023-02-06,122994.34
U8138,L792450,Multan,41.0,Unemployed,Bachelor,Divorced,216084.89,4907.59,706.87,9452.34,16,2024-05-17,78564.8
U7917,L513457,Islamabad,26.0,Clerk,Matric,Divorced,166595.48,81558.43,666.93,12034.81,39,2023-08-20,132536.28
U3854,L862227,Islamabad,29.0,Salesman,Matric,Divorced,249602.12,20058.18,603.1,5440.68,44,2022-12-03,148893.96
U6781,L999227,Islamabad,42.0,Unemployed,Intermediate,Single,191252.01,38480.86,660.83,8181.15,9,2024-06-27,86786.48
U3419,L148128,Multan,41.0,Manager,Matric,Single,162212.74,57506.01,598.71,19924.0,16,2022-10-24,91336.61
U1602,L591921,Multan,34.0,Unemployed,Intermediate,Married,226825.49,109870.02,705.04,5848.41,34,2023-08-09,159738.97
U6657,L736230,Faisalabad,47.0,Engineer,Matric,Married,201409.06,68201.69,676.6,10589.83,21,2025-03-13,101177.43
U4751,L803772,Quetta,29.0,Unemployed,PhD,Divorced,199544.05,44504.1,668.08,20123.69,44,2023-10-29,53671.43
U5939,L905147,Lahore,40.0,Engineer,Matric,Divorced,254294.78,66035.17,738.06,13621.55,18,2024-10-09,81175.91
U7785,L374783,Quetta,32.0,Salesman,Intermediate,Divorced,223734.91,76629.66,649.98,11747.93,42,2025-05-29,141320.63
U5151,L641903,Quetta,32.0,Manager,Intermediate,Divorced,198748.65,40379.97,590.91,15310.51,22,2024-01-14,58791.39
U8093,L370516,Lahore,45.0,Unemployed,Master,Single,240888.31,103856.34,672.47,2780.05,26,2023-09-13,91668.67
U3211,L110397,Lahore,43.0,Teacher,Matric,Married,227890.52,64932.29,599.26,17684.05,24,2022-12-05,63091.41
U2159,L391655,Lahore,48.0,Salesman,Intermediate,Single,200517.63,69977.73,631.93,12134.84,12,2025-03-05,143857.38
U3750,L687457,Islamabad,35.0,Salesman,Matric,Divorced,134408.19,62647.6,670.82,22041.47,43,2023-07-27,127758.7
U3237,L748007,Faisalabad,41.0,Manager,PhD,Single,146744.32,75168.22,647.3,7107.53,13,2025-01-01,180381.84
U5175,L187977,Rawalpindi,31.0,Engineer,Intermediate,Divorced,184738.76,31482.4,600.88,22895.36,18,2024-06-17,131258.44
U3458,L790549,Rawalpindi,38.0,Salesman,Bachelor,Single,169524.39,33250.95,706.09,16081.46,42,2023-12-29,61564.41
U1255,L410071,Quetta,33.0,Manager,Matric,Single,190651.43,16995.37,766.0,12644.13,7,2024-10-09,121214.76
U2985,L271464,Multan,35.0,Driver,Intermediate,Single,202832.5,63185.04,659.81,14860.88,46,2022-07-13,139520.87
U2687,L764539,Faisalabad,40.0,Clerk,PhD,Divorced,226484.64,73368.1,604.8,14249.15,16,2022-09-06,141579.15
U2835,L288604,Quetta,26.0,Clerk,Intermediate,Single,196475.06,63733.19,572.55,23541.98,29,2025-03-04,68926.31
U9307,L217270,Quetta,55.0,Engineer,PhD,Single,224325.08,100234.77,662.9,7463.25,11,2024-01-20,64146.49
U5944,L482850,Faisalabad,24.0,Driver,PhD,Single,203223.72,49832.12,705.19,9662.37,31,2025-04-27,54414.52
U1704,L444020,Peshawar,46.0,Clerk,Intermediate,Married,153033.23,17248.97,649.88,10831.26,44,2023-11-09,124915.15
U8108,L232669,Karachi,42.0,Manager,PhD,Married,192795.62,38387.01,620.54,21303.73,24,2023-09-03,67151.26
U4298,L683069,Rawalpindi,41.0,Clerk,Bachelor,Single,139515.26,70866.13,595.39,26896.05,11,2025-04-04,105087.56
U5753,L803602,Faisalabad,41.0,Clerk,Master,Single,229996.44,75473.06,691.74,12187.43,48,2024-02-14,95052.51
U1163,L115618,Lahore,34.0,Manager,Master,Married,276537.54,41180.99,695.69,19769.54,34,2023-01-05,61096.74
U2686,L809666,Faisalabad,26.0,Teacher,PhD,Married,260938.09,47852.02,572.71,6924.15,48,2023-08-28,101447.36
U1577,L657406,Islamabad,35.0,Manager,PhD,Married,189327.86,4463.79,729.49,20283.13,44,2024-10-19,107627.81
U2932,L916400,Rawalpindi,28.0,Driver,Bachelor,Divorced,274536.31,39289.12,678.7,16395.97,7,2024-12-21,177250.12
U6238,L509836,Karachi,44.0,Salesman,Intermediate,Single,207433.37,76711.49,719.98,18311.27,24,2025-07-04,73772.5
U3211,L911718,Rawalpindi,33.0,Manager,PhD,Married,183145.7,67256.15,582.89,10481.0,9,2022-10-05,31624.03
U9409,L889232,Multan,26.0,Unemployed,PhD,Married,169329.87,65019.97,581.71,3372.42,11,2023-01-28,58041.85
U1101,L111571,Islamabad,31.0,Unemployed,Master,Single,184876.52,51493.21,642.55,18522.76,54,2024-10-09,64294.1
U9529,L781393,Islamabad,39.0,Manager,Intermediate,Divorced,180591.16,50211.89,675.14,556.18,42,2025-06-22,82922.91
U3054,L913179,Rawalpindi,29.0,Clerk,PhD,Single,208520.81,30190.37,739.82,12778.55,33,2022-09-28,58139.85
U4908,L506974,Multan,26.0,Engineer,Matric,Single,208028.7,70964.85,685.3,21588.27,35,2023-01-27,132884.88
U1422,L470670,Rawalpindi,37.0,Manager,Master,Single,200152.3,62629.19,637.87,16343.28,12,2023-03-23,55358.69
U7214,L684062,Peshawar,37.0,Manager,PhD,Divorced,221846.91,64760.57,598.68,28638.4,14,2024-10-08,100800.72
U4607,L825601,Quetta,30.0,Teacher,PhD,Single,247477.71,-14600.29,601.76,10422.71,38,2023-04-30,122142.73
U4186,L256523,Lahore,37.0,Engineer,Matric,Married,125755.1,82914.58,731.42,15191.19,6,2024-04-25,118030.28
U7091,L388421,Quetta,20.0,Teacher,Master,Single,72303.94,35634.88,635.78,14668.41,56,2024-05-22,174292.65
U9279,L760867,Faisalabad,20.0,Manager,Intermediate,Married,246716.0,24116.73,729.53,3924.76,11,2023-07-02,149825.98
U8467,L832423,Quetta,27.0,Engineer,PhD,Single,131656.07,70804.37,683.95,8417.21,23,2023-05-26,122604.97
U6481,L661781,Quetta,32.0,Engineer,Bachelor,Divorced,188761.73,38239.62,643.15,11074.67,15,2025-03-05,87570.93
U5256,L742017,Peshawar,38.0,Driver,Intermediate,Divorced,141494.35,81798.09,624.03,746.46,33,2025-02-05,99092.45
U5817,L874423,Karachi,35.0,Engineer,Bachelor,Married,109900.98,68510.18,632.95,15332.45,16,2025-04-26,97147.85
U5724,L445311,Karachi,43.0,Clerk,Bachelor,Married,227073.14,70507.08,671.42,13256.5,38,2024-09-13,83942.98
U6316,L547918,Rawalpindi,33.0,Clerk,Matric,Divorced,237957.76,9021.33,653.86,3289.74,6,2024-12-23,108481.46
U8711,L262214,Peshawar,34.0,Teacher,Matric,Married,171174.48,86358.32,620.31,17829.49,18,2023-08-18,114029.91
U7734,L355558,Multan,24.0,Driver,PhD,Divorced,70447.89,57837.52,641.72,20011.11,42,2023-01-08,50214.86
U3585,L886642,Lahore,34.0,Engineer,PhD,Married,172687.78,38921.69,653.93,16589.24,25,2023-11-19,165281.7
U6344,L789074,Lahore,32.0,Engineer,Bachelor,Married,219590.2,54301.65,543.56,12731.52,6,2023-03-25,116391.9
U7941,L809398,Multan,38.0,Clerk,Master,Married,126054.42,-3287.06,672.91,19140.1,57,2022-07-19,89488.68
U9802,L799180,Quetta,26.0,Doctor,Master,Divorced,209168.0,62259.58,601.01,19761.54,8,2023-09-09,108847.04
U1723,L609387,Peshawar,40.0,Clerk,Bachelor,Married,199234.51,19118.85,592.33,17151.82,23,2023-04-12,137214.76
U7576,L745934,Quetta,33.0,Engineer,Master,Single,205979.02,4329.22,560.31,16936.21,19,2025-04-04,95797.57
U6403,L896665,Peshawar,39.0,Salesman,Matric,Married,151346.55,83380.65,582.23,23368.36,36,2024-12-19,52565.77
U6552,L137523,Lahore,41.0,Clerk,PhD,Divorced,259828.58,31122.1,614.55,10823.6,32,2024-07-10,206280.15
U8398,L817315,Faisalabad,37.0,Doctor,Bachelor,Divorced,198634.77,33925.96,623.71,11320.58,51,2025-02-25,52890.17
U1046,L367743,Karachi,35.0,Clerk,Bachelor,Married,177835.89,16504.27,670.02,10292.6,41,2023-07-30,78559.26
U2672,L720117,Rawalpindi,27.0,Salesman,Matric,Married,155759.86,87074.35,656.55,16562.9,42,2024-06-20,91636.8
U2321,L779990,Quetta,35.0,Clerk,Master,Divorced,191352.7,45323.05,646.13,2804.45,31,2024-08-03,94528.07
U7833,L866513,Islamabad,39.0,Clerk,Master,Divorced,285585.42,33551.38,590.24,11177.71,58,2023-09-26,66081.88
U5025,L761937,Multan,49.0,Engineer,PhD,Divorced,131404.94,54800.55,722.55,7355.15,22,2022-07-08,109894.08
U1805,L769379,Rawalpindi,44.0,Doctor,PhD,Single,119321.93,65053.48,740.36,15947.37,27,2024-10-22,11570.39
U7480,L436021,Karachi,56.0,Teacher,Intermediate,Divorced,273558.52,83521.96,565.87,21961.13,30,2022-12-28,143435.94
U9919,L516811,Faisalabad,27.0,Doctor,PhD,Divorced,189533.82,93454.98,598.8,19522.04,7,2024-07-30,54887.81
U2004,L447080,Rawalpindi,43.0,Salesman,Matric,Divorced,166546.36,39206.94,636.01,-1601.62,27,2024-05-27,83387.14
U9200,L754747,Faisalabad,36.0,Engineer,Intermediate,Divorced,251995.23,10218.57,601.77,29294.49,10,2025-05-18,130060.79
U2784,L927360,Peshawar,26.0,Salesman,PhD,Single,291300.49,57808.42,613.59,9564.51,41,2022-07-20,93458.09
U9918,L754825,Faisalabad,26.0,Teacher,Bachelor,Married,233896.29,21087.23,758.25,16099.9,11,2023-02-04,59516.9
U1586,L758072,Rawalpindi,29.0,Manager,PhD,Married,175604.43,21285.47,709.53,16233.33,57,2024-01-31,183825.93
U4929,L338509,Karachi,29.0,Engineer,Master,Single,169714.25,48540.43,701.35,16385.42,18,2022-08-27,56688.6
U5589,L111930,Faisalabad,27.0,Driver,Matric,Divorced,237104.77,50983.91,705.3,10747.69,59,2023-08-28,107127.3
U3691,L243777,Karachi,38.0,Driver,Matric,Divorced,265087.06,43087.98,609.19,10196.05,30,2023-02-15,168896.57
U2089,L758466,Peshawar,53.0,Driver,Matric,Divorced,278075.56,22273.01,653.91,4971.3,31,2022-09-14,107985.52
U9845,L779658,Peshawar,35.0,Manager,Matric,Divorced,201600.21,76705.95,693.08,16020.86,44,2024-10-27,60978.14
U7129,L967279,Islamabad,29.0,Clerk,Master,Single,162329.11,81057.48,656.95,19097.1,25,2024-06-26,127903.63
U8500,L837165,Multan,39.0,Engineer,Master,Divorced,166114.23,22114.67,609.86,20739.48,19,2022-12-29,48470.85
U2767,L975177,Faisalabad,21.0,Driver,PhD,Single,300669.36,5104.12,646.3,17270.38,41,2024-08-17,115241.85
U9823,L511385,Multan,53.0,Engineer,Intermediate,Single,206826.77,30499.28,646.22,11270.92,22,2024-10-30,114113.67
U7881,L742826,Lahore,30.0,Engineer,Matric,Single,209234.02,6510.64,580.7,5497.38,51,2023-10-06,102580.14
U4168,L645893,Karachi,17.0,Teacher,Intermediate,Single,132643.69,22344.21,675.28,8695.3,21,2025-01-06,104282.41
U2531,L397610,Multan,33.0,Clerk,Master,Divorced,260020.7,56218.02,763.57,22560.39,21,2023-09-27,163811.32
U5520,L158909,Islamabad,47.0,Teacher,PhD,Divorced,167155.29,52080.33,629.78,21599.52,25,2022-08-24,87597.06
U4293,L990269,Karachi,19.0,Unemployed,Matric,Divorced,147654.45,28347.87,674.57,18411.14,34,2023-03-01,118778.2
U7713,L999701,Quetta,29.0,Driver,Bachelor,Single,226832.64,55304.63,678.49,22503.51,33,2025-06-23,124669.82
U3211,L931588,Lahore,35.0,Salesman,Master,Married,259285.21,33599.6,659.77,8845.02,13,2025-04-02,113991.06
U2576,L960152,Lahore,35.0,Manager,Master,Divorced,235947.67,41850.35,645.06,17440.17,29,2024-05-11,86083.82
U7650,L428777,Karachi,30.0,Engineer,Intermediate,Single,249802.38,100203.56,671.8,14123.78,8,2024-01-29,104824.16
U6544,L916271,Rawalpindi,41.0,Salesman,Matric,Single,162160.25,90213.83,523.39,20928.17,30,2025-06-06,96253.69
U7990,L565899,Rawalpindi,24.0,Teacher,Master,Single,128909.47,11012.56,684.1,14193.43,24,2025-01-04,178368.41
U3314,L365537,Lahore,33.0,Driver,Master,Single,275066.68,74891.97,656.31,12305.4,38,2024-05-04,81689.45
U1938,L167395,Rawalpindi,36.0,Unemployed,Master,Married,183866.01,74341.9,638.88,18786.36,7,2023-05-19,63496.86
U4903,L255136,Faisalabad,42.0,Engineer,Intermediate,Married,266409.71,74563.33,616.25,10321.58,27,2024-01-18,96932.07
U8207,L973810,Islamabad,23.0,Salesman,Bachelor,Single,227811.5,96137.96,629.85,14572.47,15,2025-06-12,107873.74
U7197,L951829,Multan,19.0,Driver,Matric,Married,222794.39,16323.66,749.58,7590.92,23,2024-02-20,81702.14
U6413,L484865,Peshawar,38.0,Clerk,Matric,Single,167824.09,80529.84,622.49,16403.22,51,2022-08-10,105184.28
U2879,L195200,Multan,27.0,Manager,Master,Married,246392.01,58144.86,642.65,19262.34,54,2022-11-02,136239.59
U2585,L909548,Karachi,36.0,Unemployed,Intermediate,Married,213429.61,60217.68,660.39,1353.07,18,2023-09-03,104099.0
U8491,L517178,Faisalabad,46.0,Driver,Intermediate,Single,276423.42,61720.88,585.37,12544.05,38,2023-02-22,120653.86
U8835,L866309,Quetta,35.0,Engineer,Bachelor,Single,225391.79,10205.84,623.39,-528.43,10,2022-08-23,134706.2
U5618,L281632,Rawalpindi,55.0,Doctor,Master,Married,226914.8,81419.53,619.63,24587.91,31,2025-01-31,60652.97
U9214,L334665,Faisalabad,52.0,Driver,Matric,Married,253625.37,85087.7,646.14,7397.62,18,2023-06-15,49907.18
U7079,L146581,Karachi,32.0,Driver,Matric,Divorced,181752.36,43118.28,671.29,23787.83,32,2022-08-26,167819.19
U6680,L448774,Lahore,44.0,Salesman,Bachelor,Married,158039.52,48695.69,670.91,21621.09,19,2024-06-23,128163.02
U7476,L176404,Multan,41.0,Doctor,PhD,Divorced,147759.54,4066.77,561.2,8695.87,29,2023-12-03,91224.53
U3221,L417309,Multan,48.0,Engineer,PhD,Single,101682.17,65427.64,703.2,7070.51,8,2025-06-23,100788.08
U4375,L619942,Rawalpindi,25.0,Teacher,Matric,Divorced,302810.36,67161.72,662.63,17452.59,52,2023-12-02,84297.53
U9593,L461689,Peshawar,41.0,Unemployed,PhD,Divorced,144839.58,48134.27,719.23,9089.73,56,2024-01-30,108451.23
U5578,L543073,Lahore,45.0,Driver,PhD,Single,188937.32,83730.6,672.21,15717.39,54,2024-09-09,61126.51
U8391,L382349,Rawalpindi,17.0,Engineer,Bachelor,Divorced,186159.34,39977.68,705.07,11620.21,35,2022-11-21,133606.68
U1816,L743117,Faisalabad,32.0,Doctor,Matric,Single,243023.67,49293.44,676.11,16586.79,19,2023-04-10,64242.3
U4828,L572764,Islamabad,42.0,Salesman,Master,Single,170846.13,44769.37,645.1,11069.1,17,2023-08-22,120970.68
U1638,L642977,Multan,50.0,Driver,Master,Married,191643.91,56759.24,763.62,11128.37,33,2023-09-19,65161.13
U9482,L336229,Multan,35.0,Manager,Matric,Single,214129.0,38914.19,694.45,19871.05,49,2023-11-26,72313.97
U8283,L874606,Multan,51.0,Salesman,Intermediate,Married,187565.44,46055.82,678.69,23214.1,34,2025-04-02,103504.88
U4498,L200245,Islamabad,17.0,Teacher,Intermediate,Divorced,224548.75,36897.07,585.58,12615.81,22,2024-06-11,106858.65
U4465,L935478,Multan,34.0,Engineer,Matric,Married,236743.89,1802.69,664.64,18501.0,45,2025-03-05,-2752.04
U7775,L711239,Islamabad,38.0,Clerk,Matric,Single,233144.06,102487.52,657.28,5501.45,54,2023-08-28,74299.94
U3835,L376392,Rawalpindi,34.0,Manager,Bachelor,Divorced,258673.69,91443.62,619.29,16562.07,26,2022-09-05,127349.16
U7302,L237634,Lahore,14.0,Clerk,Matric,Single,209051.08,11232.12,657.05,18863.2,28,2022-12-24,54861.56
U9462,L747157,Islamabad,34.0,Driver,Master,Single,135158.4,70691.23,729.43,19761.61,25,2024-03-07,133244.1
U5727,L588203,Peshawar,41.0,Driver,PhD,Single,167432.16,57904.62,592.95,9670.51,39,2023-06-01,139653.09
U5083,L894449,Faisalabad,38.0,Teacher,Bachelor,Divorced,173569.17,58826.72,644.42,8852.16,15,2022-12-02,77645.84
U3662,L627717,Peshawar,25.0,Engineer,Master,Single,229318.2,42967.77,609.75,15699.21,15,2025-05-20,74528.64
U6696,L725851,Multan,29.0,Doctor,PhD,Single,261914.15,26487.03,630.62,18365.21,48,2022-08-05,122599.41
U2048,L155707,Karachi,24.0,Manager,Matric,Single,201063.58,29283.77,629.32,25476.97,11,2024-05-01,99698.87
U2631,L663100,Faisalabad,34.0,Driver,Intermediate,Single,215441.65,22514.24,626.12,11535.24,41,2023-11-07,97279.09
U3656,L577633,Multan,44.0,Teacher,Intermediate,Single,285110.75,25045.33,587.24,11516.99,29,2023-05-08,162758.79
U7932,L529846,Karachi,25.0,Teacher,PhD,Single,212037.66,47984.65,643.62,23047.7,17,2025-05-08,124165.64
U1039,L370252,Quetta,40.0,Salesman,PhD,Divorced,330084.16,28527.2,621.97,17076.04,48,2025-03-25,20403.08
U1087,L409586,Karachi,27.0,Unemployed,Master,Divorced,111961.86,94617.38,752.65,17021.1,32,2022-09-13,127958.75
U5547,L999641,Islamabad,29.0,Clerk,Bachelor,Single,264487.64,64990.55,650.94,4139.41,11,2024-03-05,112992.23
U9575,L326632,Quetta,23.0,Doctor,PhD,Divorced,233659.07,64160.07,591.42,19634.36,6,2025-01-18,104465.2
U4987,L305887,Quetta,54.0,Teacher,PhD,Married,193077.2,52278.66,734.79,23320.18,11,2025-01-13,61694.73
U1842,L823584,Lahore,28.0,Engineer,Master,Married,189548.84,64467.47,657.83,20901.74,27,2024-11-06,90338.16
U6818,L684667,Karachi,37.0,Teacher,PhD,Divorced,157473.98,12870.13,701.18,23139.87,46,2024-05-04,146109.3
U8399,L342905,Islamabad,33.0,Salesman,Matric,Single,170973.83,76074.68,658.76,10939.89,29,2024-04-03,70285.65
U9589,L112709,Peshawar,32.0,Clerk,Master,Divorced,229428.92,76618.73,583.16,6905.09,30,2024-04-04,41576.58
U6196,L739152,Rawalpindi,41.0,Driver,Master,Divorced,283495.23,51769.33,629.41,20950.56,20,2024-11-27,90297.35
U2651,L951373,Lahore,35.0,Engineer,Matric,Married,219733.58,51138.14,656.6,17923.77,31,2024-05-19,109276.53
U5506,L879986,Lahore,11.0,Doctor,Matric,Single,169510.85,120916.17,645.96,23986.72,53,2024-03-05,115159.23
U8301,L767216,Karachi,19.0,Clerk,Bachelor,Divorced,193299.14,26420.42,652.61,24064.9,43,2025-05-02,127486.69
U6580,L640064,Lahore,48.0,Driver,Bachelor,Single,200734.41,8568.66,596.97,18809.54,11,2022-11-07,84780.3
U1369,L535085,Quetta,51.0,Engineer,Intermediate,Divorced,160755.08,59114.56,614.15,20920.62,59,2023-08-02,82597.93
U6555,L985792,Islamabad,32.0,Engineer,Master,Single,232414.02,71646.88,585.77,18598.44,40,2024-02-15,157612.87
U6239,L370093,Faisalabad,40.0,Manager,Matric,Married,193952.59,43074.01,698.89,11771.81,47,2024-06-14,36983.81
U7853,L769972,Faisalabad,38.0,Driver,Matric,Single,220976.62,93597.82,544.72,20295.95,6,2024-01-10,90115.29
U3707,L149388,Multan,46.0,Doctor,Matric,Married,178127.08,70787.56,719.32,22377.24,41,2023-06-07,124240.87
U2845,L186501,Islamabad,33.0,Doctor,Intermediate,Married,236119.07,31824.18,634.89,6638.34,17,2024-03-09,106790.69
U7860,L967289,Quetta,25.0,Unemployed,Matric,Married,181358.34,101581.34,519.84,17000.62,43,2025-05-30,63120.29
U2733,L110264,Quetta,18.0,Salesman,Bachelor,Single,286348.19,109775.46,631.93,9083.92,16,2022-12-18,146704.56
U9859,L165443,Faisalabad,37.0,Doctor,Bachelor,Single,180018.19,27000.3,646.79,18873.72,17,2023-10-16,100076.3
U8683,L547493,Peshawar,27.0,Engineer,Matric,Divorced,211234.24,33513.29,599.47,14762.52,47,2023-04-23,33279.89
U6646,L127368,Peshawar,28.0,Driver,Bachelor,Single,129081.71,38386.08,726.51,17944.9,44,2023-04-10,119011.07
U4081,L500320,Rawalpindi,24.0,Engineer,Matric,Divorced,111959.56,48637.66,683.25,10954.55,12,2024-03-31,178429.76
U5317,L385919,Faisalabad,51.0,Engineer,Matric,Divorced,123717.18,50761.65,603.77,21168.03,16,2023-07-18,116350.05
U8853,L496595,Multan,43.0,Salesman,PhD,Divorced,263129.21,-7590.19,570.12,15009.28,41,2024-06-10,40718.98
U3479,L287434,Karachi,34.0,Doctor,PhD,Divorced,172407.09,49584.87,633.65,17767.95,57,2025-02-05,42123.95
U3373,L343256,Faisalabad,49.0,Manager,Matric,Divorced,327909.96,29308.17,639.33,8297.02,36,2024-09-21,150348.38
U4023,L648364,Rawalpindi,35.0,Doctor,Intermediate,Single,171787.62,35206.32,674.81,10874.67,38,2023-04-28,67887.88
U5903,L859727,Lahore,26.0,Manager,Bachelor,Married,209227.57,93308.96,623.23,11789.53,18,2024-01-30,38016.76
U8225,L438479,Peshawar,50.0,Teacher,Intermediate,Married,277105.5,12304.79,675.57,20996.92,23,2023-07-21,140020.43
U3231,L208991,Karachi,40.0,Unemployed,PhD,Single,300304.64,74396.16,746.76,26741.64,46,2023-11-11,80970.57
U4715,L817446,Karachi,24.0,Manager,Bachelor,Single,303075.18,41631.11,690.78,9363.8,29,2024-05-15,137880.56
U4922,L171757,Quetta,33.0,Manager,Matric,Single,260418.31,41607.19,647.6,22537.94,14,2024-06-18,63411.22
U8890,L660546,Lahore,26.0,Teacher,Master,Married,251203.13,73711.16,640.84,-187.74,36,2025-03-12,158952.49
U3678,L315399,Karachi,21.0,Manager,Intermediate,Single,229626.35,60201.54,632.17,6640.67,46,2023-07-28,134882.55
U1764,L828579,Karachi,44.0,Driver,Matric,Single,238918.05,67118.39,709.03,8288.55,15,2023-01-03,71092.59
U7652,L123329,Quetta,54.0,Driver,Bachelor,Single,172440.71,79045.54,618.63,5532.44,7,2023-03-18,33584.38
U5342,L500394,Rawalpindi,21.0,Manager,PhD,Married,159090.06,40060.75,652.26,3914.88,43,2024-07-02,192206.55
U3301,L122283,Rawalpindi,40.0,Doctor,Intermediate,Married,199831.28,31632.9,652.56,17890.99,20,2024-01-10,91591.69
U6989,L344232,Karachi,30.0,Salesman,PhD,Divorced,177338.6,25237.68,581.38,17655.84,48,2025-01-03,155452.33
U5790,L125731,Quetta,26.0,Unemployed,PhD,Single,247765.26,87340.39,646.95,16859.32,11,2024-10-06,147311.86
U3498,L513255,Lahore,35.0,Unemployed,Intermediate,Single,204420.34,75742.16,675.01,19604.34,8,2025-06-17,96059.67
U8293,L645692,Multan,26.0,Salesman,PhD,Single,273876.5,10326.26,623.32,14513.27,16,2023-06-17,175242.19
U5864,L867399,Faisalabad,37.0,Clerk,Master,Married,142915.54,64455.98,711.04,6691.05,20,2022-07-31,47575.27
U7311,L935368,Peshawar,34.0,Manager,PhD,Single,190317.03,66417.94,606.16,22404.7,50,2024-02-18,77918.02
U1061,L644738,Quetta,25.0,Manager,Bachelor,Married,106673.17,42351.33,562.62,8450.83,33,2024-01-24,146724.45
U5384,L331063,Lahore,35.0,Teacher,Master,Married,195865.97,46236.37,671.74,13754.57,15,2023-08-21,126446.36
U1809,L463863,Islamabad,40.0,Manager,Intermediate,Single,275672.49,52576.79,610.22,12077.99,52,2023-12-10,80994.09
U2193,L207944,Faisalabad,25.0,Doctor,Matric,Divorced,231540.58,-16579.01,671.22,17408.38,55,2023-09-20,146940.43
U8120,L147572,Lahore,35.0,Clerk,Matric,Divorced,148790.66,43106.01,713.98,17438.39,55,2024-02-28,130575.84
U3593,L725874,Rawalpindi,42.0,Manager,Master,Single,292704.63,24457.81,539.16,8715.19,12,2024-05-31,65019.05
U7744,L670443,Multan,18.0,Doctor,PhD,Divorced,261051.68,55256.34,675.14,11586.06,20,2024-08-10,63829.22
U5155,L152067,Karachi,28.0,Unemployed,PhD,Single,188675.8,61024.45,601.72,18474.8,23,2023-06-04,73049.53
U7364,L469262,Multan,40.0,Unemployed,Master,Divorced,152028.04,40594.11,731.46,29525.46,57,2023-12-04,141193.64
U2525,L561254,Islamabad,27.0,Salesman,Matric,Single,181389.66,77654.05,620.91,23260.9,46,2024-10-21,117429.29
U1535,L937497,Rawalpindi,16.0,Manager,Master,Single,254437.43,64480.64,591.31,23010.05,29,2024-09-05,122311.49
U9609,L426474,Lahore,37.0,Unemployed,Bachelor,Divorced,175557.53,111696.31,558.42,14628.25,25,2025-04-29,36727.3
U2906,L748369,Rawalpindi,25.0,Doctor,Bachelor,Married,144019.13,16073.35,597.43,11143.13,39,2023-07-02,131767.35
U1726,L819408,Lahore,41.0,Engineer,Intermediate,Divorced,207044.31,64208.96,724.87,16176.11,48,2025-06-24,77460.74
U5609,L384794,Peshawar,18.0,Engineer,Bachelor,Single,111578.03,22208.57,742.89,21616.48,31,2023-09-27,98673.79
U7640,L108325,Lahore,34.0,Engineer,PhD,Divorced,216158.39,66665.38,644.83,18505.82,12,2024-08-23,81073.08
U5418,L194344,Islamabad,22.0,Engineer,Matric,Divorced,192619.87,22439.4,588.05,8850.68,43,2025-05-14,105834.86
U1574,L457251,Faisalabad,28.0,Driver,Bachelor,Married,176698.17,37479.0,754.79,20197.21,35,2023-11-04,122923.76
U6215,L864926,Karachi,35.0,Engineer,Master,Single,120264.85,41147.3,729.72,10536.89,47,2024-08-18,59645.8
U2865,L769294,Karachi,26.0,Clerk,Matric,Single,225680.01,79274.5,683.95,16516.78,10,2025-01-12,110109.97
U1351,L215486,Lahore,31.0,Salesman,Bachelor,Married,173364.96,77553.63,609.38,12876.55,16,2022-09-13,82039.9
U3212,L159920,Rawalpindi,45.0,Teacher,PhD,Single,141504.16,12628.48,647.55,13467.94,6,2023-12-18,152858.35
U2038,L390981,Lahore,43.0,Clerk,PhD,Married,198624.25,28712.6,666.54,7718.64,6,2023-03-13,59899.35
U2783,L355619,Faisalabad,23.0,Teacher,Master,Divorced,288612.58,12244.85,722.55,28616.37,24,2023-01-04,85617.19
U5845,L888444,Peshawar,40.0,Engineer,Matric,Divorced,283062.96,43489.49,693.97,2252.4,7,2024-06-17,62974.25
U5855,L445521,Karachi,49.0,Salesman,PhD,Single,177145.19,40745.52,596.13,10816.33,26,2024-04-05,91024.76
U4865,L223486,Islamabad,35.0,Manager,PhD,Divorced,169889.4,122801.49,718.82,17591.48,25,2024-12-09,78884.58
U6084,L201108,Islamabad,27.0,Salesman,Bachelor,Married,223438.71,62988.79,665.66,19090.2,28,2024-06-02,103536.5
U3402,L554330,Multan,40.0,Engineer,Bachelor,Single,150080.73,8671.47,684.35,14296.67,26,2023-09-21,140322.88
U9407,L550571,Karachi,38.0,Clerk,PhD,Married,238304.01,80641.5,594.42,17873.85,9,2024-10-21,106494.18
U3803,L623456,Faisalabad,28.0,Teacher,Master,Single,261346.66,112653.28,648.21,13382.51,17,2022-10-20,57707.1
U4606,L315203,Multan,35.0,Unemployed,Master,Single,194992.3,2420.5,623.43,24752.27,27,2023-03-18,94637.62
U1840,L921621,Multan,33.0,Salesman,PhD,Single,189816.31,-6397.73,571.61,20875.44,25,2022-07-10,83129.82
U3326,L201571,Lahore,46.0,Clerk,Bachelor,Single,156100.87,106128.96,667.34,21109.77,23,2023-07-27,127265.64
U2581,L428279,Islamabad,37.0,Engineer,PhD,Married,158655.98,61688.43,775.58,8236.9,6,2024-11-01,69417.32
U2402,L224967,Peshawar,38.0,Engineer,Bachelor,Divorced,188676.06,23951.22,558.0,14444.28,35,2022-08-09,65573.78
U6997,L919482,Quetta,30.0,Unemployed,Matric,Single,218368.28,66038.87,648.39,12896.74,38,2024-03-08,112697.17
U2584,L952515,Peshawar,30.0,Clerk,PhD,Single,245679.23,-29072.43,682.03,7960.79,29,2025-02-21,179204.12
U7991,L107924,Peshawar,30.0,Doctor,Bachelor,Married,159841.05,50101.27,656.15,17521.15,19,2023-09-19,92962.06
U8845,L874948,Peshawar,38.0,Salesman,Bachelor,Single,274634.43,59834.64,644.34,11236.48,41,2024-05-19,106728.34
U4396,L517846,Faisalabad,30.0,Salesman,PhD,Divorced,186443.82,77728.1,585.04,19587.83,10,2025-01-04,137920.87
U9823,L335721,Karachi,37.0,Salesman,Intermediate,Divorced,198931.64,19583.12,661.64,7508.66,16,2025-04-20,120396.16
U6998,L199032,Multan,55.0,Doctor,Matric,Married,162639.42,52570.61,612.16,27033.28,29,2024-05-28,120659.18
U8704,L612314,Quetta,43.0,Doctor,PhD,Married,78787.99,22237.26,540.5,8725.67,36,2024-02-16,96192.3
U7572,L648682,Multan,31.0,Teacher,Matric,Single,244202.27,57661.51,709.73,16535.12,18,2024-01-12,96970.59
U8903,L651658,Lahore,47.0,Manager,Master,Married,236842.19,23139.61,697.92,20543.02,21,2023-05-26,69794.06
U9110,L615078,Islamabad,30.0,Clerk,Matric,Married,185933.62,37756.97,652.58,11005.52,29,2023-10-14,119454.93
U7790,L162643,Rawalpindi,14.0,Clerk,Intermediate,Married,203349.54,20125.54,661.45,20967.28,18,2024-12-07,118542.18
U5262,L366596,Islamabad,24.0,Manager,Matric,Single,225796.96,69534.09,703.72,6395.71,29,2025-05-29,128686.58
U3506,L138666,Rawalpindi,16.0,Engineer,PhD,Single,121872.71,75753.53,661.22,25164.82,59,2023-04-24,80475.82
U4746,L148891,Karachi,31.0,Unemployed,Matric,Married,173547.37,42961.38,695.2,15099.04,31,2023-05-17,133205.38
U3200,L495816,Quetta,35.0,Salesman,Master,Divorced,239713.23,51147.14,635.13,10825.12,7,2023-07-20,145333.39
U3985,L464781,Karachi,51.0,Driver,Master,Single,137285.53,6542.26,715.6,12905.73,21,2024-03-29,51441.68
U9608,L180963,Islamabad,38.0,Teacher,PhD,Single,214677.9,41009.7,666.04,20662.43,43,2023-09-04,88125.1
U1705,L943991,Faisalabad,32.0,Manager,Bachelor,Single,132170.91,48493.86,659.7,10908.81,51,2023-07-25,147000.94
U5065,L110455,Peshawar,43.0,Salesman,PhD,Single,223321.5,128623.79,586.5,9754.5,6,2023-06-02,74017.77
U7850,L369559,Rawalpindi,12.0,Engineer,Bachelor,Single,198217.93,16640.99,664.35,13449.24,54,2022-11-23,121150.5
U3627,L795704,Rawalpindi,37.0,Clerk,Master,Divorced,119243.41,93925.32,608.4,6761.27,16,2023-07-19,100343.04
U8426,L680700,Quetta,42.0,Doctor,Master,Divorced,258236.97,79905.76,618.09,27743.81,56,2023-07-01,113235.17
U3989,L825891,Peshawar,20.0,Manager,Matric,Single,163270.42,58419.09,609.23,11035.24,40,2022-12-09,101562.25
U6489,L513852,Rawalpindi,38.0,Teacher,Matric,Married,210028.46,61163.16,756.24,16466.29,34,2025-01-18,59139.31
U9185,L887323,Rawalpindi,30.0,Manager,Bachelor,Divorced,257431.87,61674.78,716.57,8108.26,42,2025-01-16,63467.07
U3091,L395121,Quetta,41.0,Manager,Matric,Single,149208.91,48406.38,746.02,14958.32,22,2024-06-30,158580.54
U3523,L457775,Rawalpindi,57.0,Salesman,Master,Divorced,203083.99,86707.07,588.86,20488.02,59,2025-04-07,184014.53
U9183,L461768,Peshawar,36.0,Engineer,Master,Married,221440.83,82894.08,653.56,13682.17,44,2024-04-30,99783.22
U9512,L639002,Lahore,37.0,Clerk,Master,Married,234655.28,31229.68,585.32,23351.79,47,2022-10-03,168610.64
U4279,L264177,Karachi,30.0,Teacher,Intermediate,Married,208822.08,10422.58,615.22,22150.61,33,2024-03-17,69129.01
U7038,L399477,Faisalabad,26.0,Driver,Matric,Single,181648.61,43910.58,604.09,21432.4,34,2024-01-11,78736.56
U5722,L882290,Multan,43.0,Salesman,Matric,Married,158620.49,25998.84,711.98,11782.4,48,2023-01-22,158299.5
U2769,L256987,Faisalabad,26.0,Manager,Master,Married,204307.19,48094.26,630.19,7441.1,8,2023-11-11,132164.26
U3920,L736124,Rawalpindi,35.0,Doctor,Bachelor,Single,146393.05,87123.14,703.42,10704.89,57,2025-01-19,164257.08
U7855,L937516,Faisalabad,39.0,Unemployed,PhD,Married,221827.99,48715.3,765.18,18820.51,47,2023-07-13,59498.16
U4926,L886610,Multan,38.0,Clerk,Master,Married,245196.74,51740.68,576.03,-201.0,19,2024-03-28,108943.09
U4782,L885332,Rawalpindi,29.0,Doctor,Master,Single,149513.46,-17406.68,707.32,16106.62,52,2023-09-01,94690.59
U3056,L130664,Multan,32.0,Salesman,Master,Divorced,230957.71,31798.99,601.33,13057.19,47,2024-05-05,88542.66
U5040,L653041,Islamabad,25.0,Doctor,Bachelor,Married,302874.77,56338.51,700.36,24038.92,35,2024-04-09,119354.14
U6518,L892110,Multan,30.0,Clerk,Bachelor,Married,201039.69,86002.37,666.81,17952.46,37,2025-06-24,77619.75
U8588,L213913,Rawalpindi,38.0,Clerk,Bachelor,Married,163599.85,35242.93,638.63,24171.34,37,2023-07-23,111820.02
U4735,L464484,Karachi,42.0,Salesman,Intermediate,Divorced,190855.18,-6296.58,608.8,13488.28,47,2024-11-04,102540.06
U9896,L165484,Lahore,25.0,Driver,Matric,Single,268743.82,68591.34,614.04,21562.34,37,2023-09-04,80383.42
U2491,L430325,Quetta,43.0,Salesman,Bachelor,Divorced,167701.79,30939.13,752.49,26445.46,31,2022-08-16,139229.49
U9240,L176982,Peshawar,48.0,Salesman,Master,Married,160040.4,14310.0,650.03,24181.85,56,2024-05-10,125839.52
U9168,L736645,Lahore,39.0,Teacher,PhD,Single,175862.82,31269.64,689.11,7355.01,6,2024-04-03,85853.18
U8853,L407101,Rawalpindi,53.0,Teacher,PhD,Divorced,152333.57,44464.24,610.46,13224.27,47,2024-10-29,99401.55
U8397,L323136,Lahore,27.0,Manager,Bachelor,Married,206133.52,31857.66,611.01,12583.85,7,2022-08-18,89148.98
U8968,L840602,Quetta,22.0,Clerk,Intermediate,Divorced,281233.92,-16166.98,704.1,18424.78,22,2025-01-11,74454.09
U9273,L763458,Faisalabad,17.0,Unemployed,Master,Married,216153.96,76911.99,582.52,19804.47,35,2024-02-28,32069.21
U3067,L837825,Rawalpindi,49.0,Doctor,Matric,Single,187382.32,88246.25,629.24,9127.75,44,2024-07-11,80646.89
U4377,L351976,Karachi,41.0,Doctor,Master,Married,185409.44,69545.66,651.7,15474.87,12,2024-07-02,75038.9
U8774,L155406,Lahore,34.0,Driver,Matric,Married,121840.46,15869.43,655.57,860.51,57,2024-06-18,104595.63
U5685,L579851,Faisalabad,35.0,Driver,PhD,Single,196108.14,49804.36,669.79,11413.38,14,2023-04-25,67912.61
U4509,L340455,Lahore,59.0,Doctor,Bachelor,Divorced,190976.0,67963.83,684.64,15391.05,27,2023-06-25,114939.89
U7995,L681481,Karachi,36.0,Driver,Master,Single,214937.65,27974.79,600.71,23022.19,51,2024-08-09,94988.3
U4433,L854330,Peshawar,42.0,Salesman,Master,Single,162410.45,52459.87,635.79,-4862.55,54,2025-05-02,75903.24
U2691,L677312,Lahore,39.0,Teacher,Master,Married,178682.12,63718.41,709.74,14883.73,6,2023-10-13,129846.95
U6057,L534487,Islamabad,37.0,Driver,Bachelor,Divorced,257422.29,93674.67,694.73,14259.27,14,2023-10-22,104670.92
U7221,L675488,Faisalabad,27.0,Clerk,Matric,Single,205663.52,71135.2,581.36,11824.55,25,2023-02-04,95593.28
U8654,L287112,Karachi,39.0,Teacher,Matric,Married,128086.1,73671.7,667.57,27083.59,58,2024-09-30,74990.01
U8280,L242411,Peshawar,53.0,Clerk,PhD,Divorced,245961.45,52514.8,551.09,8788.69,24,2024-02-10,86846.35
U3585,L927501,Karachi,48.0,Doctor,Bachelor,Divorced,166592.8,92313.77,652.35,20402.57,41,2024-06-09,173162.43
U9947,L994043,Faisalabad,29.0,Doctor,Matric,Divorced,254002.4,51769.33,602.61,23830.63,50,2025-03-15,119176.28
U4394,L490929,Multan,25.0,Unemployed,Matric,Single,177633.91,92101.1,608.28,10329.68,9,2024-07-26,95494.15
U6273,L305923,Multan,33.0,Manager,Master,Married,264050.82,70937.1,688.2,9869.22,14,2022-07-30,118033.01
U3013,L798540,Lahore,35.0,Driver,Master,Married,203392.78,36708.68,572.86,22672.49,46,2024-01-17,133479.03
U8826,L108619,Quetta,45.0,Teacher,Matric,Divorced,242638.68,35615.21,618.36,17977.25,27,2023-12-20,85840.86
U3324,L575947,Islamabad,50.0,Driver,Bachelor,Married,157682.17,63895.54,618.29,11224.86,17,2023-12-20,210265.58
U8691,L439703,Multan,30.0,Clerk,Matric,Divorced,251498.04,59339.26,687.21,20864.35,48,2025-05-30,164543.26
U5330,L153143,Lahore,24.0,Engineer,PhD,Divorced,183261.23,100998.72,671.08,10245.39,44,2024-12-02,119241.84
U9112,L593624,Lahore,43.0,Salesman,Bachelor,Single,152243.87,55719.07,633.04,18662.56,11,2023-12-15,111027.76
U6937,L952501,Quetta,35.0,Engineer,Bachelor,Married,221179.95,78239.32,668.5,6457.76,24,2023-01-28,86784.65
U3580,L193448,Lahore,22.0,Driver,Intermediate,Single,303126.25,19024.28,643.81,878.63,53,2024-09-02,76162.37
U9990,L278862,Multan,22.0,Unemployed,PhD,Married,146623.35,61937.81,672.89,-4826.28,52,2024-12-26,97096.59
U2984,L117070,Karachi,31.0,Salesman,Bachelor,Married,201210.97,104279.19,625.15,20697.87,12,2023-10-20,93810.0
U3844,L917770,Karachi,35.0,Engineer,Matric,Married,270611.03,43458.62,640.87,15900.32,21,2023-12-27,57603.0
U7483,L296909,Rawalpindi,32.0,Salesman,PhD,Married,196017.93,24570.98,600.5,13420.41,10,2025-06-11,208338.46
U9006,L392758,Quetta,19.0,Salesman,Bachelor,Single,222618.59,30437.33,648.25,24723.17,21,2023-06-06,132314.84
U3161,L107215,Peshawar,32.0,Clerk,Matric,Single,146880.32,17311.01,609.45,19461.27,6,2023-08-15,109775.61
U8470,L348019,Lahore,32.0,Unemployed,Matric,Single,221415.35,26457.14,594.3,26314.1,56,2024-06-27,103595.2
U9358,L928130,Islamabad,8.0,Clerk,Intermediate,Divorced,190642.79,38884.76,662.93,5250.85,42,2022-10-05,148093.94
U3976,L336602,Karachi,34.0,Driver,Bachelor,Divorced,249286.5,7832.99,660.64,14758.15,44,2024-01-09,183022.81
U7900,L327869,Rawalpindi,32.0,Doctor,Bachelor,Married,259369.3,50468.55,689.14,3683.01,24,2022-08-14,127403.41
U2658,L723825,Karachi,41.0,Manager,Intermediate,Single,329478.18,77068.32,628.44,13394.32,59,2022-08-05,104847.71
U6957,L311207,Peshawar,53.0,Engineer,Intermediate,Married,228981.66,22767.31,670.4,13259.69,42,2023-04-09,158905.76
U4545,L736606,Karachi,46.0,Driver,Intermediate,Divorced,216289.82,95578.52,677.54,19386.3,22,2024-09-02,105694.37
U8839,L987120,Quetta,32.0,Salesman,PhD,Single,209719.22,65323.76,672.24,15318.95,31,2022-10-12,117412.59
U9018,L715621,Islamabad,23.0,Engineer,Intermediate,Single,182341.69,80917.42,608.72,19363.85,27,2024-12-20,140040.44
U2395,L636911,Islamabad,60.0,Teacher,PhD,Married,216924.19,30264.96,657.47,19924.08,13,2023-02-02,84540.83
U4719,L999038,Quetta,35.0,Driver,PhD,Divorced,185229.93,75635.76,668.21,30084.5,38,2023-01-22,16966.62
U6437,L807410,Faisalabad,35.0,Driver,PhD,Married,208423.05,17241.98,650.36,12792.92,7,2025-04-15,82596.79
U5675,L241670,Multan,34.0,Doctor,PhD,Single,265879.88,76707.43,545.68,8412.84,35,2024-03-28,130920.04
U4916,L771061,Peshawar,36.0,Manager,Master,Divorced,149672.87,55155.18,658.02,16722.59,52,2024-01-21,128102.04
U8182,L114545,Peshawar,33.0,Driver,PhD,Single,256993.93,66597.54,760.63,9384.04,25,2024-12-14,153706.8
U6969,L249007,Rawalpindi,29.0,Teacher,Intermediate,Single,265855.75,14732.16,632.0,25373.73,23,2025-03-20,84126.76
U5334,L848275,Quetta,29.0,Doctor,Bachelor,Single,194096.57,23147.9,613.6,13017.47,48,2024-11-10,163237.01
U5686,L998154,Multan,34.0,Teacher,Intermediate,Divorced,93907.26,67916.85,668.67,11040.97,15,2022-10-06,107402.71
U8247,L273366,Faisalabad,29.0,Unemployed,PhD,Divorced,169608.9,21549.56,665.62,11700.79,29,2025-05-09,124176.53
U8381,L169866,Rawalpindi,27.0,Driver,Intermediate,Married,264849.73,63896.19,709.64,20028.92,9,2024-11-16,136144.51
U9490,L215116,Peshawar,36.0,Salesman,Intermediate,Married,198856.6,8985.87,587.11,13895.77,42,2024-11-11,44733.37
U8758,L651650,Karachi,32.0,Doctor,Intermediate,Married,150034.89,75445.23,686.57,10508.33,9,2022-08-02,59804.11
U2535,L177635,Peshawar,50.0,Clerk,Bachelor,Divorced,174761.25,13024.3,679.52,26657.46,18,2025-06-25,58476.38
U2311,L857193,Karachi,8.0,Doctor,Matric,Single,242031.0,66569.0,642.89,9006.81,30,2024-12-29,142888.69
U7857,L403188,Islamabad,45.0,Doctor,PhD,Single,227336.68,68768.93,666.93,15248.96,18,2025-03-30,87781.74
U5301,L807007,Rawalpindi,47.0,Salesman,Bachelor,Single,188053.4,29096.85,701.47,19566.14,23,2023-01-18,181103.28
U9643,L729558,Multan,14.0,Teacher,Matric,Single,181658.78,67460.8,693.62,3580.65,29,2022-09-08,100135.04
U6578,L921169,Peshawar,31.0,Manager,Master,Single,180412.09,57813.27,592.85,18361.82,7,2022-10-10,41145.05
U5376,L101388,Faisalabad,31.0,Teacher,Bachelor,Divorced,153879.49,33834.74,691.01,7614.25,53,2024-08-22,73103.3
U8516,L891820,Karachi,20.0,Unemployed,PhD,Married,280768.78,19743.36,646.77,20759.48,38,2023-10-09,104695.05
U3957,L414068,Peshawar,23.0,Engineer,Master,Single,260857.93,60489.5,653.66,19849.38,14,2025-04-02,60606.49
U7552,L323424,Multan,52.0,Manager,Intermediate,Divorced,276065.8,3055.92,642.49,22740.83,33,2022-12-23,122739.23
U2004,L892955,Karachi,44.0,Manager,Bachelor,Married,249915.54,52860.33,709.59,21030.06,40,2023-05-23,133421.71
U8117,L195915,Faisalabad,47.0,Unemployed,Matric,Divorced,178418.98,42096.55,645.81,16759.22,44,2024-07-30,74362.1
U8923,L424244,Faisalabad,42.0,Doctor,Master,Single,220186.5,70374.28,594.02,13380.89,15,2025-05-02,178766.29
U3806,L684954,Quetta,23.0,Doctor,Matric,Divorced,198790.22,40938.64,630.32,10965.06,6,2024-04-07,78693.64
U3285,L776161,Faisalabad,29.0,Teacher,Matric,Married,154814.91,40116.57,658.93,25297.24,47,2025-02-11,60004.88
U8553,L200399,Peshawar,39.0,Manager,Matric,Single,216217.96,71956.12,711.46,10103.53,26,2024-12-01,38831.1
U8131,L841406,Multan,22.0,Engineer,Intermediate,Single,141048.01,60051.74,680.15,7740.54,14,2024-06-09,148825.63
U1126,L772535,Multan,42.0,Unemployed,Intermediate,Married,259383.97,59484.68,607.47,19657.58,52,2023-12-18,100915.32
U4418,L808140,Multan,32.0,Manager,Matric,Single,176769.14,64078.03,774.26,9427.04,20,2024-04-20,80828.56
U3898,L262906,Multan,31.0,Driver,Matric,Single,210057.98,3932.84,663.24,8349.56,40,2023-04-11,41034.46
U4721,L937789,Quetta,42.0,Doctor,Matric,Divorced,214164.39,72703.66,713.77,4894.77,10,2024-05-28,84429.96
U3448,L866035,Quetta,39.0,Teacher,Bachelor,Divorced,187054.75,68374.06,642.41,11619.63,46,2025-02-27,195257.82
U6334,L588473,Karachi,31.0,Salesman,Master,Single,229334.69,19499.51,676.67,14420.99,27,2022-07-20,14220.5
U7671,L590868,Quetta,46.0,Driver,Matric,Single,176254.82,42677.59,691.97,16701.64,46,2023-12-01,74733.66
U2654,L967164,Islamabad,41.0,Teacher,Intermediate,Divorced,132701.02,45965.1,702.87,18688.29,12,2023-06-15,149958.92
U8499,L523356,Faisalabad,40.0,Salesman,Bachelor,Divorced,206318.98,60015.8,693.61,13663.89,28,2025-02-17,77174.97
U5688,L305566,Lahore,31.0,Unemployed,Intermediate,Divorced,296946.45,92941.0,634.25,13612.63,49,2023-11-13,108143.8
U6706,L779523,Rawalpindi,38.0,Unemployed,Intermediate,Divorced,149983.43,82453.0,621.41,18571.1,30,2024-12-01,118517.5
U1941,L525704,Quetta,22.0,Clerk,Intermediate,Married,166112.75,10633.42,666.63,23907.99,32,2023-12-06,105353.54
U2941,L141303,Lahore,44.0,Teacher,Matric,Divorced,225695.39,68662.1,696.66,15884.2,46,2024-11-15,171378.01
U6667,L179809,Lahore,33.0,Doctor,Intermediate,Divorced,208979.09,89868.0,638.86,11716.08,11,2023-06-26,113590.17
U2867,L136535,Faisalabad,29.0,Driver,PhD,Married,217531.5,61604.26,703.26,8049.94,39,2025-05-25,145420.65
U9518,L969128,Islamabad,45.0,Salesman,Matric,Divorced,224459.36,82729.41,722.63,4883.56,14,2025-02-07,107263.95
U5950,L687024,Karachi,27.0,Driver,Master,Single,231736.07,110368.11,604.18,19663.89,54,2022-12-02,18704.45
U5026,L242450,Multan,20.0,Engineer,Matric,Married,255484.99,80711.29,608.15,19045.85,38,2024-11-19,52303.49
U6579,L184208,Islamabad,19.0,Engineer,Intermediate,Divorced,220490.93,57479.26,642.98,19041.54,56,2022-12-14,60604.89
U7578,L613340,Faisalabad,41.0,Clerk,Master,Divorced,187937.12,81352.65,665.38,14099.38,11,2025-04-19,90028.57
U9001,L381919,Lahore,22.0,Salesman,PhD,Married,233628.69,54346.63,623.77,24848.54,42,2024-10-26,183136.57
U9515,L923307,Lahore,14.0,Doctor,Master,Married,193368.31,39457.57,671.2,21686.88,39,2024-12-25,95768.48
U4925,L219981,Karachi,51.0,Salesman,Matric,Married,151273.53,96902.4,651.97,14728.8,46,2024-09-09,149542.32
U8206,L447285,Rawalpindi,34.0,Unemployed,PhD,Married,193980.94,95971.03,584.21,19147.71,19,2024-11-21,80412.19
U5200,L174110,Peshawar,29.0,Unemployed,PhD,Married,91366.52,64995.92,664.05,17867.45,41,2025-06-17,74506.85
U3392,L218748,Islamabad,38.0,Unemployed,Intermediate,Single,242371.08,8020.81,543.37,17498.81,41,2024-12-19,115921.66
U7364,L812180,Rawalpindi,46.0,Clerk,Matric,Single,195473.34,-13000.8,642.09,14734.75,20,2023-10-26,118859.42
U5969,L380574,Lahore,36.0,Driver,Bachelor,Married,209524.98,76556.94,765.4,23289.8,31,2023-06-21,85555.64
U7719,L759674,Multan,31.0,Teacher,PhD,Divorced,235472.59,32229.32,640.93,20059.79,41,2025-02-12,112830.39
U5053,L711172,Quetta,34.0,Manager,Bachelor,Divorced,178225.68,53706.43,644.68,15782.59,53,2023-03-27,66406.49
U7572,L289249,Karachi,17.0,Engineer,Bachelor,Married,187022.67,34827.6,735.16,18625.96,33,2023-12-18,79975.88
U4519,L309889,Rawalpindi,21.0,Unemployed,Matric,Single,236940.52,18232.77,568.1,15183.43,9,2024-02-22,55139.62
U4777,L733933,Multan,42.0,Engineer,Matric,Divorced,230768.37,51769.33,560.68,12875.05,21,2024-04-15,101512.78
U6933,L300140,Faisalabad,36.0,Salesman,Master,Married,153228.06,108877.62,618.9,14433.58,27,2024-02-14,23475.35
U2627,L410873,Karachi,35.0,Driver,PhD,Divorced,173201.83,80343.89,674.84,16474.21,21,2025-03-22,131883.96
U1893,L756839,Faisalabad,29.0,Unemployed,Intermediate,Divorced,218364.37,27725.47,590.02,26148.69,45,2023-10-02,35052.61
U9134,L299050,Multan,36.0,Clerk,Master,Divorced,188826.7,86926.24,692.9,6677.26,47,2023-12-30,101622.34
U7980,L828069,Karachi,25.0,Doctor,Bachelor,Married,182534.16,100550.43,608.59,14650.84,42,2024-08-13,89475.81
U8988,L979392,Multan,39.0,Salesman,Matric,Married,199029.02,66886.43,549.08,7677.15,34,2022-09-20,32457.4
U2566,L820167,Quetta,17.0,Unemployed,PhD,Married,184841.01,23605.57,657.25,18313.85,23,2024-02-21,47342.84
U3450,L258109,Multan,45.0,Driver,Bachelor,Single,239997.1,109611.83,689.66,17036.63,15,2024-06-29,88676.22
U2870,L359515,Multan,39.0,Manager,PhD,Single,119184.47,34070.87,643.9,21704.88,47,2022-10-07,48668.42
U2128,L738118,Rawalpindi,37.0,Doctor,Master,Divorced,147315.88,39945.87,627.11,9463.83,44,2024-07-10,154855.49
U2754,L526115,Faisalabad,44.0,Manager,Master,Single,146609.85,60270.14,642.03,15238.06,23,2024-09-10,119781.53
U1202,L389821,Peshawar,51.0,Teacher,Bachelor,Married,247515.38,96624.81,631.47,5444.85,6,2024-06-28,67861.44
U8548,L653492,Faisalabad,45.0,Teacher,Matric,Single,285530.67,75619.28,582.6,19910.46,44,2024-04-27,146766.19
U2984,L855076,Faisalabad,22.0,Unemployed,Master,Married,191558.91,63898.66,676.06,18470.64,6,2023-01-04,111558.33
U8232,L220527,Islamabad,28.0,Doctor,Master,Married,203502.61,51305.44,666.08,15011.33,20,2023-04-11,98416.55
U9496,L938039,Multan,35.0,Teacher,Bachelor,Divorced,258093.92,66744.19,658.4,17903.41,9,2023-09-05,88061.05
U8365,L317538,Multan,27.0,Salesman,Bachelor,Divorced,211918.45,41101.78,640.92,13004.34,15,2023-09-19,46528.32
U7793,L794343,Peshawar,36.0,Manager,PhD,Single,248759.88,57239.66,541.15,15970.52,28,2023-10-12,161133.15
U6993,L750945,Rawalpindi,27.0,Teacher,Master,Divorced,225054.71,15469.58,658.92,7397.12,46,2023-07-22,79179.47
U2180,L874251,Multan,28.0,Doctor,PhD,Single,209479.08,61589.7,721.44,8922.17,39,2022-12-15,101128.02
U8143,L370110,Karachi,20.0,Doctor,PhD,Single,250052.3,43865.86,576.29,15684.69,51,2024-11-14,63590.09
U4609,L581037,Lahore,25.0,Manager,Intermediate,Single,64838.39,102664.27,620.7,22727.53,53,2022-07-24,89621.98
U1558,L731689,Lahore,21.0,Driver,Intermediate,Single,233893.77,97190.59,666.46,13206.03,38,2023-08-02,214031.1
U9716,L725044,Faisalabad,25.0,Doctor,Intermediate,Married,167296.22,36025.83,712.64,13348.58,39,2023-02-26,70960.08
U8111,L465066,Faisalabad,45.0,Driver,PhD,Single,108468.36,45474.87,627.59,12151.8,44,2024-11-04,157943.83
U4824,L292354,Lahore,25.0,Doctor,PhD,Married,225560.13,47781.57,615.39,11256.7,15,2023-02-27,98887.78
U6253,L999209,Lahore,61.0,Doctor,Intermediate,Single,268682.93,36450.22,551.55,17064.8,59,2023-11-27,127197.54
U7256,L678416,Islamabad,39.0,Manager,Bachelor,Divorced,193127.57,55850.75,655.17,4519.2,25,2024-12-12,149783.21
U1723,L259238,Lahore,36.0,Salesman,Master,Married,247643.73,27251.54,752.1,23966.58,6,2023-06-30,110890.7
U1430,L374060,Multan,26.0,Manager,Matric,Divorced,280613.91,16081.54,663.87,10342.04,18,2023-09-15,85931.71
U8543,L924179,Lahore,42.0,Doctor,Master,Single,265745.72,68681.34,648.89,20053.32,6,2022-11-14,92556.36
U1730,L950412,Islamabad,29.0,Teacher,Bachelor,Divorced,281998.23,68885.89,666.1,6110.01,10,2025-03-02,93902.86
U4186,L396766,Multan,60.0,Doctor,Bachelor,Single,203771.68,76860.66,609.35,19703.61,20,2022-08-22,40634.97
U2483,L761841,Rawalpindi,34.0,Teacher,Bachelor,Single,119901.71,31052.67,691.16,17689.41,54,2024-07-27,29170.92
U3606,L690469,Multan,46.0,Driver,Bachelor,Single,187696.88,57594.96,661.29,8039.0,33,2024-03-26,31837.88
U1774,L254818,Multan,27.0,Clerk,Bachelor,Divorced,157837.67,74610.32,650.88,16746.84,36,2023-03-15,64242.74
U7212,L608880,Lahore,34.0,Doctor,Intermediate,Divorced,308547.14,48991.62,601.23,6718.61,28,2024-11-29,128003.32
U5377,L110779,Quetta,52.0,Driver,Intermediate,Single,191205.71,63642.23,715.18,13230.66,53,2022-08-05,130456.77
U2801,L413693,Multan,28.0,Teacher,Bachelor,Divorced,206160.24,34507.11,683.24,22205.89,50,2024-12-29,75699.89
U8077,L876321,Multan,53.0,Clerk,Matric,Single,227574.27,44106.0,622.35,20576.91,48,2023-03-10,98860.34
U6787,L299645,Peshawar,42.0,Salesman,Matric,Divorced,202180.12,43824.22,700.09,15106.28,22,2024-12-19,55348.05
U5149,L429025,Karachi,29.0,Unemployed,Matric,Single,284752.55,27602.65,625.12,8176.35,54,2024-02-29,59057.91
U9311,L712767,Karachi,44.0,Salesman,Intermediate,Divorced,209730.37,3541.45,612.01,15135.67,18,2025-01-08,141907.36
U1255,L149807,Quetta,41.0,Unemployed,Bachelor,Divorced,162876.47,35265.39,561.45,-1242.21,19,2023-10-26,80927.25
U7371,L477334,Rawalpindi,19.0,Manager,PhD,Married,133998.87,41453.74,673.58,20478.41,16,2025-05-17,165400.6
U3495,L797063,Rawalpindi,27.0,Manager,Bachelor,Married,169411.55,42314.61,558.44,14830.37,33,2023-07-21,138624.21
U2104,L546452,Karachi,32.0,Engineer,PhD,Divorced,198148.16,42755.08,588.58,23417.16,47,2024-07-15,163669.03
U9822,L314076,Islamabad,34.0,Salesman,Intermediate,Single,178534.89,48147.07,546.22,7333.11,37,2023-04-04,87962.48
U1982,L810457,Multan,36.0,Engineer,Matric,Divorced,129684.13,76235.51,642.48,16953.59,36,2023-01-30,187181.71
U1831,L601727,Karachi,21.0,Doctor,Matric,Divorced,195844.72,51769.33,633.67,17040.95,22,2022-10-11,83499.3
U1710,L195119,Faisalabad,38.0,Clerk,Matric,Married,124763.98,13903.97,597.87,3165.3,52,2024-05-29,93833.24
U2540,L823873,Karachi,41.0,Manager,Master,Divorced,238002.8,18738.67,591.39,8150.5,14,2023-06-05,62091.26
U1751,L357980,Karachi,40.0,Salesman,Intermediate,Single,204121.99,35383.91,673.22,34286.52,15,2022-12-19,54231.4
U8742,L901395,Lahore,45.0,Salesman,PhD,Single,127122.43,39442.36,622.47,12860.73,13,2024-06-03,54697.95
U2171,L605179,Multan,43.0,Clerk,Bachelor,Single,184539.55,26900.12,665.82,20116.71,26,2025-07-05,67541.35
U9162,L539973,Peshawar,39.0,Manager,Master,Single,162392.18,11116.5,605.74,10445.38,18,2023-03-07,110989.52
U2151,L259880,Multan,34.0,Unemployed,Matric,Single,215958.73,36316.38,659.05,367.88,55,2024-02-09,69232.02
U4642,L754948,Islamabad,18.0,Teacher,Matric,Married,267022.52,55442.8,715.16,13808.19,10,2022-08-02,109766.5
U7961,L173055,Rawalpindi,39.0,Unemployed,Matric,Single,106241.38,67850.88,679.31,13140.77,11,2022-12-03,110593.81
U5479,L490409,Quetta,37.0,Manager,PhD,Single,205751.3,33277.31,629.38,12200.85,35,2022-11-13,81195.02
U6927,L212381,Peshawar,37.0,Doctor,Bachelor,Single,191993.36,37610.07,662.86,14197.51,36,2024-06-29,97494.52
U2394,L991970,Lahore,22.0,Teacher,Intermediate,Married,233567.0,22199.05,637.97,16849.88,22,2025-03-01,78883.5
U2910,L370860,Peshawar,24.0,Salesman,Master,Divorced,210659.83,49056.82,650.39,13949.18,16,2023-06-21,87570.41
U5172,L751066,Quetta,45.0,Engineer,Bachelor,Divorced,162401.53,24547.14,633.72,6151.96,25,2024-08-03,67645.48
U9868,L615249,Faisalabad,34.0,Clerk,Bachelor,Divorced,184047.3,67193.83,641.78,18403.29,53,2022-11-12,103364.19
U9885,L871665,Quetta,41.0,Doctor,PhD,Divorced,160198.71,-3575.99,660.6,1354.4,14,2025-05-29,75978.17
U5177,L125896,Islamabad,35.0,Doctor,Master,Single,253800.36,39211.11,600.33,647.5,7,2023-07-14,53357.36
U7796,L351680,Lahore,35.0,Engineer,Intermediate,Single,201065.58,59033.22,599.21,20174.26,42,2022-07-18,123737.16
U3830,L336729,Lahore,44.0,Unemployed,Master,Divorced,295059.53,55515.04,580.57,18549.14,6,2022-11-30,125091.65
U9005,L347288,Rawalpindi,29.0,Teacher,Matric,Divorced,196966.96,130791.01,569.99,14598.23,9,2024-07-20,144467.94
U5537,L622082,Islamabad,35.0,Unemployed,Matric,Divorced,164579.66,60494.0,589.14,5231.86,41,2025-01-07,59024.11
U1149,L803832,Rawalpindi,30.0,Teacher,Bachelor,Married,124314.28,19878.36,657.97,10044.62,59,2023-01-23,80762.91
U2801,L200300,Multan,30.0,Teacher,Master,Married,109843.02,47136.07,605.36,13160.77,30,2023-03-21,109219.82
U8003,L174781,Peshawar,31.0,Driver,Master,Single,120793.2,-3287.39,675.68,3828.74,8,2024-11-01,79918.4
U4452,L322147,Islamabad,30.0,Unemployed,Matric,Single,225436.25,25008.32,551.57,19566.31,27,2023-06-07,119917.32
U4533,L721181,Quetta,47.0,Manager,Intermediate,Divorced,120940.46,77461.71,682.75,24991.14,28,2024-09-20,119171.81
U3615,L693079,Multan,26.0,Doctor,Intermediate,Married,244751.92,33513.79,690.54,12063.96,17,2023-01-09,158386.69
U7903,L852919,Lahore,35.0,Salesman,Bachelor,Married,175846.95,46497.02,600.31,20295.42,15,2025-06-05,125763.08
U2712,L996815,Faisalabad,30.0,Doctor,Master,Single,207339.65,30933.26,671.01,1601.58,39,2023-11-03,106155.64
U4179,L516769,Faisalabad,49.0,Clerk,Bachelor,Divorced,280611.03,51769.33,607.18,19616.16,48,2023-06-06,92258.58
U6103,L744487,Lahore,36.0,Driver,Bachelor,Single,244841.97,40362.72,654.88,9372.36,15,2022-12-10,95045.44
U5132,L245367,Rawalpindi,20.0,Manager,Matric,Married,155440.39,74424.55,560.34,13265.73,27,2023-04-01,29371.59
U7639,L384863,Peshawar,37.0,Clerk,Master,Married,92409.23,64462.0,630.86,24242.9,11,2022-07-09,118550.25
U1425,L305342,Quetta,35.0,Unemployed,Intermediate,Single,189443.49,61813.92,630.12,19393.24,7,2022-07-19,86795.4
U8800,L312255,Lahore,45.0,Manager,Intermediate,Married,150641.02,-7830.18,590.8,13043.45,35,2023-09-21,163483.77
U5702,L989703,Karachi,29.0,Driver,PhD,Married,193437.15,41633.5,630.01,13891.86,7,2023-03-04,92939.5
U9992,L389064,Lahore,49.0,Clerk,Intermediate,Single,203842.59,75354.74,663.46,13713.02,37,2023-12-08,21849.12
U8068,L806885,Karachi,57.0,Salesman,PhD,Single,188757.2,48533.08,647.76,9080.29,47,2024-01-23,136729.97
U7394,L191267,Faisalabad,31.0,Manager,Matric,Married,167499.87,7844.3,659.13,14901.31,21,2025-03-05,80828.47
U1401,L240262,Lahore,49.0,Driver,PhD,Single,222097.03,101123.17,708.59,16688.68,6,2025-01-28,48898.9
U6392,L336300,Faisalabad,50.0,Clerk,PhD,Married,145480.05,87406.75,591.19,15591.54,58,2024-06-16,116481.77
U5729,L690012,Rawalpindi,30.0,Doctor,Matric,Single,195070.59,78543.48,709.09,21464.56,53,2025-07-04,108056.19
U1199,L850650,Peshawar,32.0,Engineer,Bachelor,Divorced,200942.48,39004.79,674.05,7645.64,55,2024-02-16,130664.27
U1845,L491342,Multan,21.0,Engineer,Intermediate,Single,235410.72,-1116.15,639.87,21081.41,18,2022-09-08,121376.04
U9816,L960236,Islamabad,35.0,Manager,Master,Divorced,211660.81,22266.02,623.59,6695.65,20,2025-07-06,102774.71
U2192,L379336,Quetta,27.0,Unemployed,Master,Married,214356.21,41780.21,578.85,19338.17,49,2023-01-10,129213.77
U5090,L219736,Multan,34.0,Teacher,Master,Divorced,169378.13,42698.48,601.49,1620.78,13,2024-05-08,141257.22
U8380,L673372,Lahore,37.0,Salesman,PhD,Married,218075.18,41004.85,630.12,15650.85,15,2025-06-17,58280.12
U2771,L146591,Faisalabad,25.0,Driver,Matric,Single,205427.99,98778.77,668.99,9688.64,10,2022-10-15,142942.29
U4932,L480751,Quetta,44.0,Salesman,Master,Married,198338.5,51769.33,601.6,24455.97,55,2022-08-27,91662.34
U2872,L249521,Multan,32.0,Manager,PhD,Single,189594.16,45228.64,634.48,10424.25,24,2025-05-30,65195.47
U2779,L902232,Islamabad,34.0,Doctor,Intermediate,Married,193573.12,58868.73,619.28,9355.36,52,2023-06-04,110902.18
U4371,L518444,Faisalabad,41.0,Engineer,Bachelor,Divorced,105907.55,4500.72,614.51,15529.86,43,2023-05-01,74459.02
U3568,L193173,Multan,23.0,Doctor,Matric,Divorced,172563.75,94308.03,698.94,19799.13,16,2022-09-25,106441.69
U2479,L704916,Multan,38.0,Salesman,Matric,Married,204642.25,51769.33,581.41,14008.46,58,2024-04-02,83471.73
U4682,L377445,Islamabad,36.0,Unemployed,Master,Single,207992.82,56503.27,730.44,23164.59,48,2025-05-06,86899.57
U1996,L333471,Quetta,39.0,Manager,Master,Married,148616.24,17080.92,691.41,18716.83,25,2023-07-16,144415.9
U7235,L912878,Multan,37.0,Teacher,PhD,Single,263285.39,32334.0,704.54,-247.48,25,2025-04-26,1259.01
U6712,L898371,Islamabad,59.0,Driver,Intermediate,Divorced,156691.26,24882.13,626.85,11293.73,26,2025-02-13,122190.03
U5789,L296718,Rawalpindi,29.0,Salesman,Intermediate,Single,221359.72,33826.32,578.34,18355.53,55,2024-07-14,75120.23
U7643,L574981,Karachi,28.0,Salesman,Matric,Married,167688.63,33551.94,623.77,-3373.72,15,2023-01-02,137510.61
U4859,L644353,Karachi,29.0,Salesman,PhD,Divorced,288765.54,75000.02,674.68,32843.07,39,2024-05-01,61639.04
U6800,L904968,Multan,28.0,Engineer,Intermediate,Married,140318.16,16854.12,714.8,18717.18,31,2022-09-01,73600.66
U3560,L289702,Lahore,49.0,Engineer,Matric,Married,250029.12,86538.77,631.72,23270.97,14,2024-02-03,138051.69
U4892,L656844,Lahore,29.0,Engineer,Master,Married,166468.99,34604.11,642.44,31405.58,51,2023-01-07,30202.09
U6546,L920052,Lahore,29.0,Engineer,Matric,Divorced,214434.68,85391.76,613.8,15914.83,47,2023-11-04,124596.49
U3091,L471649,Lahore,35.0,Driver,Bachelor,Married,213016.09,55823.23,640.23,14009.32,9,2024-07-31,121148.32
U2615,L184328,Karachi,37.0,Driver,Intermediate,Married,193284.56,34063.57,627.4,11669.43,11,2023-11-09,106049.27
U5475,L962409,Rawalpindi,19.0,Clerk,Intermediate,Single,240540.41,64516.3,610.53,9217.22,19,2022-11-06,75972.56
U1987,L225710,Karachi,50.0,Engineer,Bachelor,Married,239674.44,16931.24,649.65,10190.9,9,2022-10-25,149694.9
U7211,L586384,Quetta,28.0,Clerk,Intermediate,Divorced,265217.01,62258.22,631.41,14468.9,52,2024-10-28,70750.05
U2446,L456125,Faisalabad,31.0,Teacher,Matric,Divorced,116875.4,40765.75,613.58,3207.33,53,2025-05-03,135108.41
U3324,L171042,Islamabad,37.0,Doctor,Bachelor,Single,251627.31,24842.43,665.98,16336.42,44,2022-09-14,105829.98
U1474,L264181,Multan,38.0,Engineer,Master,Single,256335.26,23399.57,732.68,14745.69,22,2024-12-30,154312.86
U3918,L528511,Quetta,55.0,Doctor,PhD,Divorced,179459.29,51769.33,699.81,11345.08,56,2023-08-14,73964.99
U4853,L696845,Lahore,27.0,Unemployed,Intermediate,Single,189253.95,63751.6,657.89,24520.81,11,2023-05-19,82095.31
U3810,L448536,Karachi,21.0,Clerk,PhD,Single,184598.29,-12610.81,595.13,6288.2,34,2024-09-03,75123.1
U6785,L256216,Rawalpindi,27.0,Salesman,Bachelor,Married,238983.03,32461.47,576.15,16630.08,16,2022-11-13,133275.53
U4163,L177997,Karachi,34.0,Teacher,Intermediate,Married,265515.44,49068.23,613.03,10743.96,21,2025-02-26,173262.2
U4476,L528020,Multan,52.0,Manager,Master,Divorced,269784.19,22709.5,709.59,7898.64,35,2025-03-05,90141.53
U2045,L854969,Faisalabad,29.0,Engineer,Matric,Divorced,171891.6,21904.81,697.5,5619.5,30,2023-10-25,61010.35
U8288,L221261,Karachi,37.0,Unemployed,PhD,Married,189538.91,29966.61,662.15,18025.52,45,2024-08-07,93861.75
U4297,L700564,Lahore,34.0,Unemployed,Matric,Married,115828.09,58765.78,573.36,10230.34,16,2024-10-08,120592.05
U4289,L166170,Quetta,46.0,Salesman,Intermediate,Single,159706.5,44380.13,640.19,21774.78,12,2022-09-27,110299.18
U5589,L408982,Faisalabad,60.0,Unemployed,Intermediate,Married,248242.58,-17146.94,665.09,21956.48,31,2024-06-20,147769.27
U8582,L259729,Multan,29.0,Manager,Bachelor,Divorced,280779.14,-13621.0,658.78,24617.4,27,2023-05-01,126603.59
U7930,L647552,Peshawar,30.0,Manager,PhD,Married,138282.56,31794.04,557.81,9033.29,30,2025-01-25,55863.62
U5628,L951337,Rawalpindi,45.0,Engineer,Master,Single,170376.79,63730.6,605.48,18327.56,24,2024-07-27,80267.27
U6167,L772143,Peshawar,53.0,Unemployed,Bachelor,Married,214008.06,35008.09,676.81,11680.75,31,2022-09-28,145787.17
U5398,L381997,Multan,35.0,Driver,Intermediate,Divorced,159519.82,34212.56,540.19,9597.6,47,2024-08-03,20324.51
U2626,L593314,Faisalabad,31.0,Clerk,PhD,Married,221203.05,91650.13,641.89,26266.64,46,2024-06-17,48666.71
U7399,L438921,Rawalpindi,40.0,Driver,Intermediate,Married,176308.03,38449.35,657.15,16592.47,41,2023-08-10,79527.9
U3121,L741507,Quetta,46.0,Salesman,Master,Single,199277.39,61489.67,692.48,19451.77,28,2024-05-28,122556.7
U9957,L236160,Rawalpindi,40.0,Unemployed,Bachelor,Divorced,200321.11,-13916.99,679.13,6465.01,18,2025-01-26,85390.82
U2743,L829772,Faisalabad,46.0,Manager,Bachelor,Divorced,194519.51,56461.9,554.6,14131.85,7,2022-12-28,106911.3
U7976,L540313,Karachi,48.0,Clerk,PhD,Married,195581.85,65248.06,630.35,7550.46,7,2023-11-05,51179.54
U3391,L101255,Faisalabad,33.0,Teacher,Bachelor,Single,187060.2,-12523.39,719.67,3180.46,14,2024-06-01,167236.95
U9787,L955399,Faisalabad,36.0,Doctor,Bachelor,Divorced,279932.36,101740.9,685.53,7159.67,33,2024-12-06,116095.96
U3889,L776712,Karachi,47.0,Driver,Intermediate,Divorced,228045.97,41376.57,671.47,19696.38,18,2025-04-01,130431.29
U9459,L498249,Islamabad,26.0,Engineer,PhD,Divorced,185225.98,58619.87,668.98,19226.53,40,2023-04-23,102321.14
U9508,L419576,Islamabad,38.0,Manager,PhD,Single,234847.72,48634.63,622.19,12256.86,46,2023-04-15,94388.79
U4685,L757837,Islamabad,31.0,Clerk,Master,Divorced,183309.03,37272.91,643.5,7875.65,18,2024-06-25,118285.24
U2687,L867590,Rawalpindi,35.0,Unemployed,Bachelor,Married,258656.23,32905.01,733.45,7808.18,36,2025-02-09,129104.55
U2689,L491993,Karachi,47.0,Engineer,Intermediate,Divorced,218482.11,59885.26,602.87,12387.12,26,2024-10-08,133843.03
U8233,L932033,Lahore,36.0,Engineer,PhD,Divorced,194634.89,4484.79,730.74,19511.63,37,2024-03-06,94937.62
U1831,L414050,Karachi,35.0,Manager,Matric,Single,222385.85,72517.38,633.9,21497.72,59,2022-12-25,138215.06
U5400,L140365,Rawalpindi,21.0,Doctor,Matric,Single,121456.19,37514.17,716.27,11524.28,39,2024-04-29,1351.33
U5465,L482677,Islamabad,42.0,Teacher,Intermediate,Divorced,143661.63,16097.92,579.66,6925.55,13,2024-10-26,135691.48
U3745,L827329,Islamabad,41.0,Doctor,PhD,Divorced,140303.75,36499.61,679.3,16874.91,46,2023-02-24,82923.76
U8917,L928818,Lahore,56.0,Salesman,Intermediate,Divorced,207147.15,87714.48,613.16,9235.26,53,2025-05-01,122135.3
U2039,L896620,Faisalabad,31.0,Salesman,Matric,Divorced,286625.75,33939.95,579.24,11372.23,7,2025-01-22,74026.89
U3214,L172771,Rawalpindi,37.0,Salesman,PhD,Single,311565.01,60753.61,660.93,24276.93,43,2022-08-06,46932.22
U2229,L707172,Rawalpindi,37.0,Teacher,Bachelor,Divorced,231902.56,28071.31,700.47,20789.81,37,2024-06-25,113588.16
U8206,L959822,Faisalabad,50.0,Unemployed,PhD,Divorced,225042.22,72737.66,607.75,16105.82,59,2023-08-22,39938.78
U1257,L193935,Islamabad,34.0,Unemployed,PhD,Married,109947.11,70565.23,575.05,6096.57,45,2023-11-06,84012.9
U8547,L657833,Lahore,37.0,Doctor,Intermediate,Married,172866.31,105458.26,645.41,16479.78,33,2025-01-09,67502.81
U6699,L333261,Islamabad,41.0,Clerk,Matric,Married,160610.81,51769.33,645.63,22438.6,42,2024-09-01,92998.7
U6618,L639686,Faisalabad,36.0,Unemployed,Bachelor,Married,168957.62,70059.64,677.42,12370.56,46,2023-11-27,131888.36
U7445,L170184,Islamabad,30.0,Driver,Intermediate,Single,191592.81,52942.03,697.48,24457.8,6,2022-12-21,80406.19
U2265,L841109,Faisalabad,36.0,Engineer,Intermediate,Single,176395.47,88876.15,647.03,24049.22,46,2023-03-11,112583.1
U3157,L653116,Rawalpindi,45.0,Clerk,PhD,Single,101035.01,28435.03,742.78,26646.13,15,2025-01-15,129573.84
U8580,L620318,Faisalabad,24.0,Engineer,Matric,Divorced,237395.51,72350.16,661.21,17136.7,9,2024-09-13,75709.8
U8973,L782803,Karachi,36.0,Clerk,Matric,Single,146362.85,44159.08,632.68,19111.74,40,2023-03-24,76289.86
U9287,L862473,Rawalpindi,27.0,Unemployed,PhD,Single,211962.34,48074.35,569.42,24899.31,15,2024-02-17,154773.16
U4327,L680025,Rawalpindi,46.0,Teacher,Master,Married,303704.13,52752.57,636.87,18131.76,52,2024-06-18,96824.45
U6283,L887141,Islamabad,19.0,Driver,Bachelor,Married,154030.77,57567.21,633.18,11491.36,16,2024-04-18,120365.55
U5463,L255475,Islamabad,29.0,Teacher,Matric,Divorced,73485.62,46513.13,698.02,11860.2,19,2024-04-05,120062.44
U9362,L937391,Rawalpindi,38.0,Manager,Matric,Married,185699.79,56441.4,673.12,16669.88,43,2025-07-01,52080.5
U9881,L414416,Peshawar,34.0,Doctor,Intermediate,Single,297917.37,79563.49,658.61,13997.19,50,2023-09-11,115013.89
U6866,L837465,Rawalpindi,29.0,Engineer,Master,Married,138522.52,76074.64,683.58,22675.83,22,2024-08-07,17307.4
U5777,L471774,Multan,53.0,Engineer,Intermediate,Single,224834.96,36333.81,726.4,-338.78,21,2022-09-02,91548.1
U9134,L889795,Rawalpindi,20.0,Driver,Master,Single,176734.48,23322.78,694.38,25741.37,40,2022-08-17,65388.65
U9215,L718870,Karachi,13.0,Doctor,Master,Divorced,194702.58,51769.33,688.04,22856.62,7,2025-04-14,144420.25
U6605,L493019,Islamabad,39.0,Manager,Master,Single,332217.17,51769.33,653.0,11781.65,16,2022-10-16,113844.62
U3053,L145652,Faisalabad,29.0,Unemployed,Matric,Single,124851.48,94180.12,669.42,18803.74,46,2023-08-14,147649.85
U2726,L900019,Faisalabad,24.0,Driver,Matric,Divorced,212686.98,31880.58,712.48,15022.03,8,2023-03-03,98435.01
U5803,L570466,Peshawar,42.0,Clerk,Intermediate,Divorced,223384.66,51769.33,583.36,23609.93,34,2024-06-04,95444.43
U2282,L298908,Rawalpindi,37.0,Manager,Master,Married,254289.32,815.48,632.53,21878.78,23,2025-06-30,87802.82
U1848,L733908,Islamabad,29.0,Manager,Intermediate,Divorced,204899.16,38225.87,611.37,5199.5,25,2024-09-07,79877.22
U5424,L823006,Quetta,22.0,Clerk,Matric,Divorced,215402.53,79897.12,668.96,19110.84,52,2024-08-25,207386.25
U2474,L709436,Peshawar,43.0,Driver,Matric,Divorced,180417.57,36005.14,711.51,13560.61,19,2025-06-02,132286.78
U1317,L536922,Multan,41.0,Engineer,Bachelor,Single,213456.35,69214.39,620.15,15579.83,39,2023-08-24,57352.46
U8629,L256936,Multan,34.0,Manager,Master,Married,182840.39,44284.91,530.48,9902.8,54,2022-08-03,205572.35
U1573,L733599,Islamabad,53.0,Doctor,Bachelor,Divorced,231078.59,59721.71,629.39,27236.96,59,2022-11-18,83800.8
U8969,L521857,Islamabad,24.0,Doctor,Master,Single,181519.48,15569.26,695.67,22280.43,36,2024-02-19,112846.08
U7649,L912547,Rawalpindi,19.0,Driver,Master,Divorced,218855.02,52556.28,676.88,9821.6,45,2023-11-01,137583.89
U9258,L727739,Multan,34.0,Doctor,PhD,Divorced,256302.51,44393.12,636.0,12300.29,23,2023-07-11,66906.93
U4195,L860061,Peshawar,37.0,Engineer,PhD,Married,197430.31,1085.8,586.05,18041.52,35,2024-08-24,165926.59
U3781,L396615,Quetta,32.0,Clerk,Master,Single,111348.38,86179.84,675.76,16681.44,30,2022-08-18,91006.85
U8757,L145667,Multan,22.0,Salesman,Matric,Married,154713.38,64000.13,759.2,20529.44,13,2024-08-28,81861.26
U3887,L849002,Peshawar,49.0,Manager,Bachelor,Divorced,167311.68,95630.19,678.53,21786.98,33,2024-06-03,96197.62
U5200,L418607,Peshawar,34.0,Teacher,Intermediate,Divorced,170216.94,21532.5,620.97,17287.99,13,2023-01-07,171410.27
U1850,L156524,Lahore,46.0,Salesman,Bachelor,Divorced,268721.9,102420.9,619.43,5274.91,36,2023-03-03,117500.49
U9260,L727223,Lahore,38.0,Engineer,Intermediate,Single,93216.29,77965.75,645.35,13630.11,8,2023-11-27,86206.09
U2015,L666767,Islamabad,40.0,Engineer,Matric,Divorced,252802.84,84068.6,705.84,14639.34,49,2024-06-22,76324.98
U8408,L611121,Faisalabad,39.0,Manager,Bachelor,Divorced,211161.95,16811.19,659.32,18521.63,27,2022-10-14,149662.4
U2816,L192184,Quetta,41.0,Doctor,Intermediate,Divorced,197255.3,25264.58,613.42,12768.76,22,2024-06-23,130619.93
U5017,L735825,Rawalpindi,36.0,Manager,Bachelor,Single,226056.12,34130.67,652.47,14136.59,22,2024-08-06,103487.14
U2797,L627724,Faisalabad,42.0,Manager,Intermediate,Single,232260.78,18303.27,688.44,17163.33,19,2022-10-23,97327.34
U2180,L986682,Lahore,34.0,Doctor,Master,Divorced,227780.22,86692.49,619.59,10410.19,56,2023-12-22,112643.71
U3681,L563877,Islamabad,49.0,Unemployed,Bachelor,Single,204479.03,42234.37,668.16,13350.02,14,2022-12-22,75857.16
U1698,L345662,Peshawar,28.0,Doctor,Intermediate,Single,190133.08,60575.15,665.56,8423.76,35,2025-06-16,143912.22
U9209,L362613,Faisalabad,53.0,Clerk,Master,Married,192436.34,32889.46,555.52,22834.71,26,2022-07-30,99946.43
U9889,L244605,Islamabad,34.0,Salesman,Master,Divorced,190254.59,-4618.1,750.76,12938.81,17,2024-03-11,114937.46
U8524,L510304,Peshawar,20.0,Doctor,Bachelor,Divorced,256688.5,51769.33,714.53,25169.29,42,2024-01-29,68612.39
U9149,L932001,Quetta,36.0,Doctor,PhD,Married,229677.84,-7367.65,630.14,25701.23,37,2024-02-18,70627.47
U2536,L708534,Karachi,43.0,Manager,Bachelor,Married,232795.04,8950.55,667.38,7940.86,25,2023-08-30,172003.2
U7958,L893260,Rawalpindi,28.0,Manager,Bachelor,Married,209736.81,109618.28,654.33,398.71,40,2023-10-13,97212.75
U6044,L997754,Quetta,30.0,Driver,Matric,Married,199064.56,77340.88,667.78,4695.74,58,2023-08-25,161320.16
U5228,L817239,Lahore,16.0,Manager,Master,Married,180574.08,53172.61,659.58,5383.16,52,2022-09-17,148509.5
U5883,L763580,Karachi,30.0,Salesman,Bachelor,Single,256205.64,87911.2,675.31,24649.29,51,2023-06-02,74991.56
U1406,L149360,Islamabad,10.0,Salesman,PhD,Married,247376.32,24610.52,722.37,15810.77,16,2024-04-24,71002.67
U9042,L605226,Karachi,19.0,Teacher,PhD,Divorced,161356.12,66304.38,678.41,17727.23,57,2024-08-25,126747.07
U7769,L689962,Lahore,42.0,Manager,Matric,Single,220352.61,55994.31,597.52,-542.95,13,2023-12-01,110402.43
U3603,L879940,Multan,42.0,Manager,Intermediate,Divorced,151417.16,57920.6,718.13,6614.23,9,2024-10-29,83919.82
U4515,L800059,Faisalabad,39.0,Doctor,Matric,Divorced,131019.09,88170.61,732.03,21209.56,32,2024-11-11,128849.06
U4738,L148932,Peshawar,34.0,Manager,Master,Single,247656.25,353.38,662.14,18953.9,43,2025-02-18,50443.05
U9240,L580672,Karachi,23.0,Salesman,Matric,Married,225654.27,21198.61,545.9,26450.58,52,2024-03-07,51760.35
U9746,L515207,Faisalabad,50.0,Engineer,PhD,Married,236254.79,46318.73,677.66,13452.7,35,2022-10-29,71729.41
U2676,L456624,Islamabad,43.0,Manager,Master,Single,225808.91,52801.17,622.59,15485.59,49,2023-02-04,114531.49
U2400,L630328,Lahore,32.0,Driver,Intermediate,Divorced,167925.92,16093.89,746.17,16348.18,53,2022-07-19,72990.52
U5252,L822048,Faisalabad,35.0,Manager,Master,Married,221596.13,122350.3,611.27,31744.77,53,2025-02-02,51275.66
U7844,L518577,Lahore,37.0,Doctor,PhD,Single,240020.48,95491.82,565.54,304.51,32,2025-03-10,119089.97
U6126,L109886,Multan,32.0,Engineer,Intermediate,Divorced,259445.67,52161.11,551.23,14196.38,57,2023-07-31,125554.02
U8673,L804220,Quetta,28.0,Manager,Intermediate,Single,235415.19,43633.73,687.55,18967.4,25,2024-02-03,172071.95
U1597,L505021,Karachi,24.0,Driver,PhD,Divorced,217572.41,21442.45,546.75,10398.39,9,2023-11-07,156367.14
U1697,L548765,Faisalabad,32.0,Driver,Matric,Divorced,253507.51,52324.42,651.42,14657.24,16,2023-11-27,80502.87
U4571,L629875,Multan,40.0,Driver,PhD,Divorced,162754.87,45342.23,668.03,9063.54,17,2022-10-21,96327.54
